# This file was produced by samtools stats (1.24+htslib-1.24) and can be plotted using plot-bamstats
# This file contains statistics for all reads.
# The command line was:  stats alignment/SRR975567_chr21.sorted.bam
# CHK, Checksum	[2]Read Names	[3]Sequences	[4]Qualities
# CHK, CRC32 of reads which passed filtering followed by addition (32bit overflow)
CHK	a10d1870	e64506cc	e51f77bb
# Summary Numbers. Use `grep ^SN | cut -f 2-` to extract this part.
SN	raw total sequences:	163950	# excluding supplementary and secondary reads
SN	filtered sequences:	0
SN	sequences:	163950
SN	is sorted:	1	# sorted by coordinate
SN	1st fragments:	81975
SN	last fragments:	81975
SN	reads mapped:	2621
SN	reads mapped and paired:	1978	# paired-end technology bit set + both mates mapped
SN	reads unmapped:	161329
SN	reads properly paired:	1926	# proper-pair bit set
SN	reads paired:	163950	# paired-end technology bit set
SN	reads duplicated:	0	# PCR or optical duplicate bit set
SN	reads MQ0:	61	# mapped and MQ=0
SN	reads QC failed:	0
SN	non-primary alignments:	301
SN	supplementary alignments:	0
SN	total length:	14789853	# ignores clipping
SN	total first fragment length:	7316405	# ignores clipping
SN	total last fragment length:	7473448	# ignores clipping
SN	bases mapped:	222016	# ignores clipping
SN	bases mapped (cigar):	220248	# more accurate
SN	bases trimmed:	0
SN	bases duplicated:	0
SN	mismatches:	1436	# from NM fields
SN	error rate:	6.519923e-03	# mismatches / bases mapped (cigar)
SN	average length:	90
SN	average first fragment length:	89
SN	average last fragment length:	91
SN	maximum length:	101
SN	maximum first fragment length:	101
SN	maximum last fragment length:	101
SN	average quality:	36.0
SN	insert size average:	974.2
SN	insert size standard deviation:	1922.7
SN	inward oriented pairs:	969
SN	outward oriented pairs:	10
SN	pairs with other orientation:	10
SN	pairs on different chromosomes:	0
SN	percentage of properly paired reads (%):	1.2
# First Fragment Qualities. Use `grep ^FFQ | cut -f 2-` to extract this part.
# Columns correspond to qualities and rows to cycles. First column is the cycle number.
FFQ	1	0	0	4	0	0	0	0	0	0	0	60	0	0	0	0	0	110	0	0	1	1	0	16	124	0	176	444	528	535	50	3282	29683	0	8151	38810	0	0	0	0	0	0	0	0
FFQ	2	0	0	0	0	0	0	0	0	0	0	44	0	0	0	0	0	111	0	0	4	0	0	48	121	0	154	414	871	507	29	2712	23085	0	3840	50035	0	0	0	0	0	0	0	0
FFQ	3	0	0	0	0	0	0	0	0	0	0	29	0	0	0	0	0	84	0	0	0	0	0	66	113	2	128	423	850	477	27	2559	20892	0	2298	54027	0	0	0	0	0	0	0	0
FFQ	4	0	0	0	0	0	0	0	0	0	0	30	0	0	0	0	0	48	3	0	20	0	0	52	1	1	108	193	55	307	6	618	28	1061	1418	0	13932	0	64094	0	0	0	0	0
FFQ	5	0	0	0	0	0	0	0	1	0	0	71	0	0	0	0	0	71	4	0	43	0	0	69	0	1	143	268	40	341	5	655	34	1099	1584	0	14383	0	63163	0	0	0	0	0
FFQ	6	0	0	0	0	0	0	0	0	27	0	55	13	0	0	0	14	46	60	54	18	0	21	17	74	0	220	241	101	231	195	803	250	1563	1449	0	14243	1049	61231	0	0	0	0	0
FFQ	7	0	0	0	0	0	0	0	0	22	0	60	8	0	0	0	15	35	100	48	26	0	11	17	71	0	187	231	93	275	167	756	273	1497	1653	0	15025	1309	60096	0	0	0	0	0
FFQ	8	0	0	0	0	0	0	0	0	20	0	72	11	0	0	0	16	27	84	50	42	1	12	17	77	1	210	264	115	228	185	764	244	1468	1707	1	15325	1412	59622	0	0	0	0	0
FFQ	9	0	0	0	0	0	0	0	0	13	0	41	10	0	0	0	15	24	70	33	32	1	10	17	75	1	206	87	282	176	187	781	147	1236	1152	879	4426	8	8875	6142	57049	0	0	0
FFQ	10	0	0	0	0	0	0	0	1	10	0	46	13	0	0	0	13	21	77	36	38	1	18	16	77	0	213	95	357	119	170	822	150	1236	1194	799	4650	9	8735	6382	56677	0	0	0
FFQ	11	0	0	0	0	0	1	0	0	14	0	43	11	0	0	0	11	18	64	34	34	2	17	19	61	1	211	101	350	85	181	815	141	1185	1236	708	4536	5	8615	6352	57124	0	0	0
FFQ	12	0	0	0	0	0	0	0	0	15	1	61	16	1	0	1	16	24	79	44	35	2	22	17	72	1	240	111	465	52	190	826	135	1276	1210	833	4719	1	8929	6829	55752	0	0	0
FFQ	13	0	0	0	0	0	0	0	2	17	1	81	18	0	0	0	15	33	81	45	29	1	25	13	98	6	227	117	528	45	177	911	156	1306	1215	868	4892	7	9164	7162	54735	0	0	0
FFQ	14	0	0	0	0	0	0	0	0	22	1	74	12	0	0	3	1	45	79	62	38	1	38	16	55	60	270	119	556	56	195	380	644	908	1362	997	923	2992	2482	7809	5390	18046	38339	0
FFQ	15	0	0	0	0	0	0	0	3	25	1	60	20	1	0	0	3	52	75	53	41	1	23	18	50	56	251	109	500	44	212	412	637	923	1417	1003	994	3061	2599	7916	5409	18297	37709	0
FFQ	16	0	0	0	0	0	0	0	0	34	1	67	14	0	0	1	13	40	69	67	26	1	33	19	51	80	267	137	475	60	204	416	653	957	1454	944	1051	2995	2646	7942	5513	18382	37363	0
FFQ	17	0	0	0	0	0	1	0	4	18	1	77	14	0	0	0	16	41	77	57	49	2	42	19	50	81	283	132	488	54	228	456	682	978	1446	997	1063	3080	2635	8257	5503	18543	36601	0
FFQ	18	0	0	0	0	0	1	1	0	37	2	64	15	1	1	2	14	54	73	68	59	4	42	36	67	84	242	125	542	62	236	493	703	1041	1599	1101	1101	3233	2800	8421	5405	18854	35392	0
FFQ	19	0	0	1	0	0	1	1	2	32	4	80	23	0	2	0	13	51	15	145	52	4	37	31	81	99	268	179	565	76	264	581	762	980	1027	1644	1202	2781	3003	7634	6388	19164	34783	0
FFQ	20	0	0	0	0	0	1	2	4	38	9	82	19	3	0	3	25	62	17	137	64	5	67	30	86	145	291	154	529	61	288	624	723	1085	1079	1777	1263	2936	2935	8001	6621	19352	33457	0
FFQ	21	0	0	0	0	0	1	1	6	59	7	106	22	0	0	4	18	58	18	158	74	5	71	37	98	171	293	195	612	84	321	678	829	1008	1181	1805	1366	3057	2948	8264	6831	19520	32069	0
FFQ	22	0	0	0	0	0	1	6	4	47	18	110	23	4	1	8	30	75	27	154	82	14	77	38	110	159	298	213	594	77	329	761	869	1151	1260	1959	1471	3100	3128	8660	6942	19317	30858	0
FFQ	23	0	0	0	0	0	0	5	4	76	19	71	14	5	6	10	47	81	35	138	59	15	92	30	110	189	303	196	578	101	298	789	862	1056	1325	1911	1525	3150	3263	8537	7328	19502	30245	0
FFQ	24	0	0	0	0	0	2	17	11	88	28	122	23	12	1	13	54	89	45	172	74	11	100	44	134	271	356	236	640	117	394	841	1019	1106	1408	1884	1714	3383	3346	9034	6852	18665	29669	0
FFQ	25	0	0	0	0	0	1	15	11	81	28	91	16	11	6	13	50	83	44	123	77	30	117	58	154	243	356	236	616	127	377	925	942	1140	1403	1949	1832	3271	3424	9274	7223	19000	28628	0
FFQ	26	0	0	0	0	0	3	12	13	109	63	94	17	17	1	12	67	103	60	121	95	20	124	51	172	334	363	282	625	146	397	972	1064	1124	1574	2073	2013	3474	3386	9617	6968	19125	27086	0
FFQ	27	0	0	0	0	0	2	18	13	94	62	61	8	10	3	15	75	97	52	134	74	42	136	65	156	319	384	249	587	154	404	1033	1020	1056	1617	2152	2059	3428	3492	9910	7141	19197	26272	0
FFQ	28	0	0	45	0	0	9	26	21	125	84	87	12	11	5	15	77	104	73	167	111	21	171	67	173	427	396	330	618	174	467	1065	1172	1097	1709	2117	2208	3572	3535	10154	6873	19500	24566	0
FFQ	29	0	0	0	0	0	2	17	10	73	56	40	6	13	9	15	72	114	63	87	59	30	123	65	142	292	345	279	464	160	303	1141	877	962	1485	2015	2178	3053	3773	9221	7971	18972	26754	0
FFQ	30	0	0	0	0	0	4	10	8	65	50	42	2	14	5	12	65	90	41	79	60	34	128	69	141	324	306	229	488	166	300	1154	945	839	1579	1797	2403	3115	3403	8972	7339	19345	27438	0
FFQ	31	0	0	0	0	0	3	14	14	73	64	26	0	13	4	14	65	81	28	103	65	30	137	63	167	303	268	259	429	148	380	1026	920	864	1597	1742	2539	2847	3369	9131	6597	19302	28171	0
FFQ	32	0	0	0	0	0	4	14	22	91	83	23	5	10	4	23	83	87	24	106	91	42	153	86	160	351	310	318	479	175	391	1103	1029	799	1723	1865	2668	2988	3396	9208	6291	19090	27406	0
FFQ	33	0	0	0	0	0	4	20	25	92	83	27	3	15	11	22	84	98	25	98	90	37	168	73	169	345	306	289	442	228	428	1149	1067	809	1821	1864	2790	3081	3425	9569	6415	18816	26571	0
FFQ	34	0	0	0	0	0	2	15	18	86	70	9	2	8	8	30	83	78	25	95	74	41	160	92	190	360	302	323	402	210	412	1186	996	748	1776	1856	2961	2927	3518	9506	6437	19196	26187	0
FFQ	35	0	0	0	0	0	4	17	23	81	71	8	5	15	15	34	91	81	19	118	74	43	145	93	167	386	309	323	381	260	442	1165	1033	860	1898	1875	3078	2762	3562	9659	6331	19377	25412	0
FFQ	36	0	0	0	0	0	6	21	29	72	70	2	2	23	9	34	82	61	21	103	79	50	159	80	179	351	283	345	421	239	450	1230	1075	840	2016	1854	3246	2808	3516	9676	6175	19255	25189	0
FFQ	37	0	0	0	0	0	4	22	26	84	79	4	4	12	8	24	107	76	35	130	89	51	162	97	209	380	295	381	424	284	438	1188	1160	890	2160	1867	3364	2924	3636	9825	6125	19128	24157	0
FFQ	38	0	0	0	0	0	4	12	26	66	73	4	7	20	23	24	92	63	28	95	78	68	166	95	196	381	273	342	399	271	430	1250	1164	917	2213	1884	3490	2578	3735	9215	6753	18401	24826	0
FFQ	39	0	0	0	0	0	2	17	28	87	102	0	9	28	19	37	87	74	26	136	71	62	167	120	271	421	261	434	490	337	525	1252	1255	920	2373	1944	3729	2787	3747	9105	6727	17879	23933	0
FFQ	40	0	0	0	0	0	2	22	24	55	70	1	8	22	17	35	82	63	30	81	81	54	152	109	257	343	222	440	435	373	420	1229	1208	891	2336	1951	3860	2666	3910	8940	7002	17619	24255	0
FFQ	41	0	0	0	0	0	6	25	40	73	96	0	9	24	19	41	97	56	34	105	71	63	171	118	274	388	232	426	439	390	491	1167	1196	950	2506	1885	3958	2708	3839	8705	6810	17800	23830	0
FFQ	42	0	0	0	0	0	2	29	40	65	93	1	5	28	23	45	119	48	41	130	100	71	168	130	284	404	229	418	487	383	490	1182	1299	942	2559	2108	4162	2800	3929	8941	6667	17350	23025	0
FFQ	43	0	0	0	0	0	3	25	47	61	72	2	7	40	23	35	102	45	40	126	80	94	157	151	287	379	167	451	434	403	543	1202	1341	979	2644	2129	4238	2901	4007	8854	6723	17457	22318	0
FFQ	44	0	0	0	0	0	6	23	61	80	82	0	4	38	26	45	95	47	38	133	114	83	192	150	319	447	159	530	506	456	574	1143	1432	1006	2706	2246	4419	3131	4043	8777	6584	16948	21669	0
FFQ	45	0	0	0	0	0	10	43	51	63	84	4	6	38	29	52	102	26	44	156	110	174	136	170	395	433	217	554	505	505	607	1193	1527	1175	2784	2323	4587	3111	4069	8844	6566	16830	20542	0
FFQ	46	0	0	0	0	0	6	29	45	67	60	2	9	24	15	46	83	26	49	117	101	199	114	163	386	430	170	531	420	509	563	1166	1442	1151	2837	2514	4574	3077	4307	8602	6946	16659	20387	0
FFQ	47	0	0	0	0	0	11	38	66	64	64	2	9	28	27	54	58	30	44	130	95	162	123	179	400	452	188	557	450	592	614	1152	1509	1163	2932	2656	4838	3357	4274	8579	6770	16197	19688	0
FFQ	48	0	0	0	0	0	9	30	49	76	60	3	10	34	26	49	48	32	44	113	102	219	99	159	435	417	185	635	472	622	622	1147	1486	1171	2822	2736	5066	3426	4362	8643	6851	15962	19066	0
FFQ	49	0	0	0	0	0	6	36	64	73	54	5	11	30	32	53	85	24	53	137	110	195	121	184	403	463	155	602	583	611	667	1109	1603	1359	2932	2949	5055	3496	4397	7562	7602	15677	18503	0
FFQ	50	0	0	0	0	0	7	25	64	66	38	7	14	29	39	48	50	29	44	138	97	209	98	197	396	419	124	619	547	687	687	1049	1614	1326	3023	3042	5353	3631	4444	7657	7581	15258	18095	0
FFQ	51	0	0	0	0	0	7	42	58	66	46	2	13	33	36	53	54	36	55	147	106	221	125	196	412	472	130	703	576	742	784	1104	1768	1383	3049	3208	5649	3894	4580	7514	7378	14928	16850	0
FFQ	52	0	0	0	0	0	10	65	112	127	59	5	11	53	62	70	73	31	82	187	132	263	147	277	569	568	152	838	645	885	875	1218	1918	1568	3286	3609	5640	4079	4785	7692	7346	13924	14701	0
FFQ	53	0	0	0	0	0	8	47	93	137	57	3	27	50	71	78	72	43	60	179	137	319	152	280	559	571	167	913	680	960	902	1252	2066	1618	3409	3853	5713	4061	4773	7494	7529	13293	14103	0
FFQ	54	0	0	0	0	0	8	45	79	83	36	5	11	45	47	59	55	25	61	183	106	317	128	269	515	475	153	928	608	951	897	1228	2001	1679	3338	3879	6114	4066	4941	7348	7759	13187	13704	0
FFQ	55	0	0	0	0	0	9	26	74	85	29	1	16	34	42	59	37	35	59	176	108	284	133	247	470	289	339	874	601	880	916	1250	2092	1741	3181	4170	6284	4334	4715	7394	7722	13003	13219	0
FFQ	56	0	0	0	0	0	10	48	106	140	34	7	15	45	42	95	61	50	77	219	101	323	191	291	553	311	354	930	661	980	1060	1225	2157	1778	3392	4316	6611	4534	4624	7085	7360	12180	12508	0
FFQ	57	0	0	0	0	0	13	59	130	157	42	3	31	53	75	108	80	28	94	266	138	382	210	353	618	338	408	1015	696	1081	1095	1299	2433	1908	3459	4675	6670	4629	4690	7166	7165	11380	11036	0
FFQ	58	0	0	0	0	0	14	40	100	119	18	4	19	39	63	76	64	30	87	217	117	361	196	356	568	325	410	1062	700	1198	1082	1388	2473	1948	3451	4862	6884	4743	4783	6873	7531	10956	10415	0
FFQ	59	0	0	0	0	0	8	45	113	146	23	10	25	26	75	69	59	38	74	247	121	324	167	491	429	291	362	1265	683	1132	1186	1365	2436	2075	3587	5192	7155	4852	4815	6616	7416	10344	9829	0
FFQ	60	0	0	0	0	0	6	42	104	111	13	3	25	31	52	57	52	34	87	281	100	288	159	470	409	250	387	1204	673	998	1156	1473	2510	2157	3593	5348	7498	4959	4943	6217	7517	10000	9470	0
FFQ	61	0	0	0	0	0	15	63	137	119	15	5	26	36	71	75	60	34	92	286	106	326	186	481	393	280	429	1354	718	1037	1330	1546	2556	2191	3614	5545	7694	5162	5145	6187	7233	9199	8392	0
FFQ	62	0	0	0	0	0	10	44	130	149	12	8	22	53	69	50	71	47	101	281	91	354	162	531	446	294	438	1403	686	1130	1326	1541	2644	2190	3785	5801	8048	5216	5189	5957	7081	8599	7716	0
FFQ	63	0	0	0	0	0	19	35	127	109	5	17	28	36	63	61	61	39	86	273	100	349	179	521	395	280	462	1381	682	1114	1352	1592	2670	2351	3717	6032	8487	5282	5233	5614	7124	8164	7197	0
FFQ	64	0	0	0	0	0	17	39	128	111	7	11	16	37	45	50	59	27	77	328	80	326	139	503	374	259	480	1366	689	1059	1401	1648	2690	2348	3813	6291	8886	5478	5332	5470	7056	7598	6561	0
FFQ	65	0	0	0	0	0	23	51	168	142	1	10	31	40	80	55	54	57	114	378	155	418	186	505	526	334	536	1542	647	1067	1791	1712	2862	2535	3941	6485	8991	5553	5237	5061	6404	6896	5689	0
FFQ	66	0	0	0	0	0	16	46	139	126	4	14	23	59	78	49	68	55	110	327	121	432	197	496	498	320	550	1628	600	1171	1908	1886	2946	2630	3995	6867	9235	5578	5252	4690	6346	6187	5099	0
FFQ	67	0	0	0	0	0	25	42	181	122	2	5	20	48	73	50	56	56	94	333	110	449	166	485	540	290	543	1555	575	1060	1877	1845	2943	2697	4180	7201	9575	5651	5215	4440	6270	5804	4657	0
FFQ	68	0	0	0	0	0	23	33	127	99	0	13	30	50	49	61	64	54	92	351	125	435	150	433	530	290	595	1581	646	995	1891	2004	3093	2746	4152	7415	10110	5752	5224	4126	6081	5171	4178	0
FFQ	69	0	0	0	0	0	26	35	152	122	1	17	32	51	54	52	68	53	112	367	112	430	179	466	518	309	633	1601	664	1005	2018	1971	3047	2813	4362	7849	10319	5772	5121	3841	5801	4580	3689	0
FFQ	70	0	0	0	0	0	18	32	166	96	0	19	33	55	67	36	49	41	117	364	119	430	165	295	359	595	626	1601	607	990	2137	2028	3169	2828	4417	7937	10765	5757	5158	3541	5777	4033	3284	0
FFQ	71	0	0	0	0	0	17	34	152	83	0	27	39	46	54	37	63	54	108	363	94	426	165	263	367	614	592	1592	600	903	2096	2070	3186	2939	4410	8247	11277	5814	5165	3019	5653	3679	2933	0
FFQ	72	0	0	0	0	0	28	33	196	103	0	13	24	43	36	43	63	54	107	394	115	433	183	299	397	599	653	1627	718	885	2232	2098	3093	2978	4650	8583	11643	5755	4947	2881	5104	3219	2443	0
FFQ	73	0	0	0	0	0	23	32	173	97	0	20	30	52	56	36	71	58	125	436	97	514	163	290	398	637	743	1689	718	833	2313	2210	3312	3051	4630	8770	11879	5754	4897	2636	4682	2652	2026	0
FFQ	74	0	0	0	0	0	22	33	179	73	0	19	24	53	36	42	71	56	109	377	109	480	163	245	443	654	830	1676	730	733	2290	2265	3352	3146	4890	8942	12173	5546	4827	2256	4540	2464	1643	0
FFQ	75	0	0	0	0	0	29	36	191	84	0	17	22	57	31	42	90	65	121	428	109	524	185	275	491	720	846	1350	1121	750	2483	2266	3334	3238	4751	9502	12181	5433	4703	1988	4032	2008	1405	0
FFQ	76	0	0	0	0	0	16	17	121	49	0	18	32	39	48	24	78	40	133	323	164	847	219	318	644	1022	1003	2162	1604	1279	3664	3902	5147	5268	5214	11228	7133	4887	2139	1349	3244	807	254	0
FFQ	77	0	0	0	0	0	14	9	128	42	0	24	30	34	39	32	68	37	106	293	116	513	113	183	448	762	753	1349	1278	784	2814	2971	4294	4595	5908	12442	9128	5520	2735	1329	3901	991	203	0
FFQ	78	0	0	0	0	0	25	23	166	58	0	21	25	57	34	23	55	46	95	336	103	468	143	196	424	656	759	1134	1084	571	2403	2413	3593	3562	5543	11560	12321	5440	3842	1212	3593	1124	417	0
FFQ	79	0	0	0	0	0	20	14	120	31	0	22	21	48	18	29	65	39	93	321	94	428	111	157	370	647	713	1031	1071	531	2219	2225	3158	3307	5412	10679	14740	5449	4157	1076	3248	962	496	0
FFQ	80	0	0	0	0	0	36	17	183	47	0	17	17	54	18	25	86	46	95	343	91	464	115	159	422	633	799	980	1093	469	2398	2267	3208	3208	5106	10611	15438	5281	4035	897	2859	711	477	0
FFQ	81	0	0	0	0	0	19	11	123	27	0	23	28	40	22	18	79	38	94	347	122	464	80	97	407	647	720	891	1038	416	2247	2107	3106	3224	5115	10793	16549	5205	3998	705	2577	566	378	0
FFQ	82	0	0	0	0	0	34	17	162	31	0	19	14	62	18	35	60	43	112	353	121	496	102	141	385	654	821	883	1097	403	2216	2147	3195	3234	5194	10851	16676	4979	3824	610	2164	375	304	0
FFQ	83	0	0	0	0	0	35	9	181	30	0	25	21	45	11	18	70	50	117	384	123	542	100	122	420	656	881	868	1182	405	2302	2194	3261	3113	5132	10934	17050	4688	3590	485	1857	263	228	0
FFQ	84	0	0	0	0	0	30	11	213	27	0	24	20	56	12	20	82	47	114	357	130	511	85	117	466	664	870	854	1166	384	2412	2146	3288	3286	5127	11258	17149	4480	3330	341	1509	183	156	0
FFQ	85	0	0	0	0	0	21	9	150	28	0	23	20	46	10	18	83	47	100	339	119	445	55	82	452	688	895	784	1219	309	2312	2168	3300	3361	5231	11496	17634	4205	3081	290	1233	106	105	0
FFQ	86	0	0	0	0	0	27	4	170	15	0	32	17	58	12	18	103	41	93	353	140	514	62	94	423	702	905	728	1262	302	2357	2092	3381	3209	5270	11803	17637	4153	2719	208	930	94	47	0
FFQ	87	0	0	0	0	0	30	12	169	24	0	34	25	47	6	24	110	61	117	401	145	462	64	81	459	738	1006	723	1303	314	2509	2291	3493	3291	5141	11703	17638	3783	2298	150	718	42	36	0
FFQ	88	0	0	0	0	0	29	8	200	26	0	34	20	49	12	24	110	68	120	417	126	546	83	81	481	740	1071	684	1439	269	2514	2210	3399	3484	5108	11932	17364	3620	1954	104	543	30	17	0
FFQ	89	0	0	0	0	0	36	6	231	16	0	40	28	50	7	18	87	42	129	403	172	544	67	93	518	788	1135	709	1442	272	2551	2257	3549	3464	5170	12120	16871	3330	1704	83	359	14	12	0
FFQ	90	0	0	0	0	0	35	5	213	16	0	40	14	58	6	14	101	52	112	417	177	573	58	104	487	779	1159	661	1399	242	2626	2213	3555	3532	5107	12206	16882	3164	1411	57	226	7	8	0
FFQ	91	0	0	0	0	0	30	10	174	11	0	35	21	61	0	11	87	54	124	384	165	475	49	68	464	759	1091	578	1458	228	2677	2326	3587	3404	5076	12277	17076	2990	1177	32	190	4	3	0
FFQ	92	0	0	0	0	0	22	14	194	18	0	32	12	75	3	15	98	60	118	419	173	539	45	83	520	766	1224	541	1481	214	2680	2249	3582	3505	5039	12237	16730	2706	962	19	124	2	1	0
FFQ	93	0	0	0	0	0	23	12	197	12	0	26	14	46	1	9	99	49	123	382	173	459	47	63	530	818	1240	492	1484	188	2670	2167	3625	3588	4938	12301	16700	2537	741	17	66	0	1	0
FFQ	94	0	0	0	0	0	29	2	223	15	0	41	18	56	2	18	102	58	125	460	206	531	43	60	569	769	1380	465	1488	152	2666	2227	3614	3591	4953	12331	16076	2239	540	13	38	0	1	0
FFQ	95	0	0	0	0	0	25	2	183	9	0	23	16	3	55	5	102	67	129	421	190	446	34	58	512	864	1339	423	1531	161	2761	2199	3593	3593	4758	12428	15891	2068	399	3	26	1	0	0
FFQ	96	0	0	0	0	0	18	3	196	5	0	47	24	4	55	5	97	70	148	529	248	543	34	73	555	867	1470	429	1603	166	2765	2249	3869	3717	4566	12334	14628	1777	288	1	9	1	0	0
FFQ	97	0	0	0	0	0	23	3	189	4	0	27	12	2	38	4	114	71	131	487	259	494	23	69	525	834	1455	392	1581	135	2857	2230	3661	3803	4586	12222	14535	1570	226	1	7	1	0	0
FFQ	98	0	0	0	0	0	12	1	168	3	0	36	6	1	32	6	98	53	141	487	266	470	21	66	527	818	1447	338	1524	121	2853	2337	3741	3700	4429	12255	14027	1475	171	0	1	1	0	0
FFQ	99	0	0	0	0	0	8	0	74	0	0	17	4	1	20	5	91	67	146	467	272	469	15	50	533	821	1474	312	1625	128	2823	2238	3674	3816	4307	12179	13683	1254	137	1	1	1	0	0
FFQ	100	0	0	0	0	0	0	0	0	0	0	0	0	0	2	1	106	59	123	422	223	402	23	75	522	792	1482	258	1554	90	2800	2184	3592	3804	4492	11947	13574	1141	98	0	1	0	0	0
FFQ	101	0	0	0	0	0	0	0	0	0	0	0	0	0	0	0	0	0	0	0	0	580	18	108	725	1089	2182	365	2002	145	3535	2650	4167	3964	4057	11454	9435	698	63	0	1	0	0	0
# Last Fragment Qualities. Use `grep ^LFQ | cut -f 2-` to extract this part.
# Columns correspond to qualities and rows to cycles. First column is the cycle number.
LFQ	1	0	0	0	0	0	0	0	0	0	0	535	0	0	0	0	0	401	0	0	0	0	0	46	510	0	414	1087	984	964	0	4301	27522	0	14695	30516	0	0	0	0	0	0	0	0
LFQ	2	0	0	0	0	0	0	0	0	0	0	115	0	0	0	0	0	308	0	0	0	0	0	80	333	0	492	888	1343	1133	0	3957	25189	0	8503	39634	0	0	0	0	0	0	0	0
LFQ	3	0	0	0	0	0	0	0	0	0	0	177	0	0	0	0	0	368	0	0	0	0	0	145	395	0	370	1028	1723	794	0	3766	23951	0	5677	43581	0	0	0	0	0	0	0	0
LFQ	4	0	0	0	0	0	0	0	0	0	0	198	0	0	0	0	0	231	0	0	162	0	0	128	0	0	406	541	55	806	0	1373	30	1713	2748	0	16513	0	57071	0	0	0	0	0
LFQ	5	0	0	7	0	0	0	0	0	0	0	148	0	0	0	0	0	195	0	0	157	0	0	102	0	0	347	489	30	768	0	1239	37	1746	2781	0	16650	0	57279	0	0	0	0	0
LFQ	6	0	0	0	0	0	0	0	0	40	0	132	20	0	0	0	30	62	155	92	51	0	28	13	157	0	448	420	110	478	256	1257	458	2055	2253	0	15397	1456	56607	0	0	0	0	0
LFQ	7	0	0	0	0	0	0	0	0	39	0	178	35	0	0	0	23	50	192	79	65	0	27	12	176	0	441	406	147	487	249	1318	363	2187	2514	0	16132	1731	55124	0	0	0	0	0
LFQ	8	0	0	0	0	0	0	0	0	54	0	185	48	0	0	0	24	73	201	114	76	2	31	15	169	0	513	508	198	511	290	1318	338	2216	2575	0	16569	1752	54195	0	0	0	0	0
LFQ	9	0	0	0	0	0	1	0	0	30	0	126	31	0	0	0	26	46	186	74	73	2	16	7	139	1	401	152	512	418	253	1325	230	1848	1621	1378	5577	0	10249	6211	51042	0	0	0
LFQ	10	0	0	0	0	0	0	0	0	17	0	86	29	0	0	1	15	42	113	64	64	2	19	10	116	3	364	156	558	219	241	1183	173	1696	1602	1192	5305	0	10323	6349	52033	0	0	0
LFQ	11	0	0	0	0	0	0	0	0	22	0	113	32	0	0	0	19	36	111	71	67	1	15	20	138	5	427	166	663	125	281	1234	166	1678	1606	1018	5454	2	9874	6613	52018	0	0	0
LFQ	12	0	0	0	0	0	0	0	0	29	0	133	33	0	0	0	25	52	170	84	60	1	26	16	141	2	409	151	788	60	284	1258	199	1793	1748	1183	5479	3	9782	6799	51267	0	0	0
LFQ	13	0	0	0	0	0	0	1	0	27	1	119	37	0	0	0	25	48	133	82	63	2	36	11	157	3	447	171	830	71	299	1318	234	1838	1650	1237	5662	3	10193	6913	50364	0	0	0
LFQ	14	0	0	0	0	0	0	0	0	59	0	174	45	0	0	0	5	101	190	113	74	0	36	18	98	132	540	236	899	83	337	687	954	1323	1993	1311	1153	3512	2850	9024	5941	16536	33551	0
LFQ	15	0	0	0	0	0	1	0	2	29	3	113	41	0	0	1	14	75	137	90	67	2	35	21	61	118	434	171	799	55	290	636	909	1405	1864	1434	1196	3523	3093	8897	6117	16658	33684	0
LFQ	16	0	0	0	0	0	0	1	0	29	3	118	28	1	0	0	13	72	141	93	70	3	41	18	79	107	448	213	791	72	289	681	878	1340	1815	1335	1213	3472	3080	9039	6183	17033	33276	0
LFQ	17	0	0	0	0	0	0	1	2	44	2	121	24	2	0	2	17	76	146	113	73	3	37	26	91	122	451	189	799	63	325	703	903	1329	1908	1366	1283	3521	3081	9171	6117	17013	32851	0
LFQ	18	0	0	0	0	0	0	2	1	34	5	127	35	3	0	2	17	112	145	105	91	4	47	21	97	144	386	229	795	61	346	745	915	1336	1947	1365	1334	3616	3007	9335	5988	16946	32632	0
LFQ	19	0	0	0	0	0	0	0	1	76	10	176	34	5	1	7	21	93	25	256	91	4	59	40	128	190	463	248	885	99	368	764	1001	1389	1352	2056	1411	3195	3082	7999	6951	17589	31906	0
LFQ	20	0	0	0	0	0	0	5	4	51	17	128	30	4	1	7	27	93	25	250	75	4	59	26	116	158	437	222	859	86	325	771	947	1302	1215	2267	1458	3304	3229	8230	7375	17538	31330	0
LFQ	21	0	0	0	0	0	0	5	1	54	16	159	37	2	1	3	31	89	32	244	95	7	65	27	145	212	448	246	803	86	389	876	996	1284	1354	2198	1627	3323	3217	8483	7396	17877	30147	0
LFQ	22	0	0	0	0	0	0	8	3	59	23	146	32	0	1	6	37	93	42	225	103	8	88	33	150	237	475	267	824	97	359	948	1035	1304	1395	2227	1658	3257	3321	8605	7551	17699	29659	0
LFQ	23	0	0	0	0	0	0	4	5	73	31	157	25	6	1	8	32	128	54	241	123	12	85	32	147	320	449	282	883	105	414	979	1044	1239	1509	2268	1834	3408	3353	8821	7742	17730	28431	0
LFQ	24	0	0	0	0	0	1	13	6	85	49	146	32	5	4	14	55	122	59	194	95	13	91	35	190	272	414	262	766	118	362	1011	1116	1296	1522	2275	1837	3246	3422	8857	7529	17213	29248	0
LFQ	25	0	0	0	0	0	2	5	8	73	30	107	14	9	5	6	58	99	57	175	75	19	98	28	167	331	414	267	755	122	425	969	1075	1185	1542	2170	1964	3269	3597	9072	7480	17386	28917	0
LFQ	26	0	0	0	0	0	0	10	10	91	45	111	19	4	4	10	60	109	62	152	100	16	111	43	175	319	362	278	722	117	398	1140	1058	1185	1598	2196	2020	3296	3303	9211	7451	17675	28322	0
LFQ	27	0	0	0	0	0	2	29	21	105	82	117	12	7	4	11	68	130	67	200	125	21	147	60	192	421	365	316	739	153	485	1178	1158	1119	1740	2266	2328	3442	3522	9606	6936	17979	26406	0
LFQ	28	0	0	0	0	0	3	10	7	111	75	105	8	12	5	11	70	108	62	168	116	33	151	54	203	469	418	345	692	172	441	1217	1176	1151	1723	2229	2334	3362	3578	9802	7274	18125	25507	0
LFQ	29	0	0	0	0	0	1	10	28	129	78	92	7	13	4	18	96	123	56	154	120	31	202	60	221	499	402	322	715	143	488	1335	1233	1083	1853	2351	2524	3540	3617	9917	7003	18191	24396	0
LFQ	30	0	0	0	0	0	3	24	24	146	117	84	3	6	11	18	90	131	63	150	143	36	197	78	250	547	447	387	731	176	463	1472	1287	1014	2028	2339	2658	3459	3599	10141	6986	18175	23286	0
LFQ	31	0	0	0	0	0	4	21	24	116	115	61	5	13	8	19	127	129	61	158	115	33	165	84	258	519	434	379	648	195	507	1575	1284	939	2091	2320	2876	3421	3688	10345	6941	18125	22708	0
LFQ	32	0	0	0	0	0	4	31	30	168	198	76	1	20	16	30	132	166	43	209	205	33	231	104	270	680	430	448	744	241	593	1659	1424	1124	2263	2442	3085	3693	3715	10678	6481	17972	20554	0
LFQ	33	0	0	0	0	0	0	33	30	138	142	34	4	18	13	30	125	150	36	143	128	47	203	92	271	563	505	410	628	250	504	1723	1340	1018	2253	2406	3246	3429	3932	10720	6952	18040	20327	0
LFQ	34	0	0	0	0	0	5	21	27	149	132	24	6	26	11	43	111	140	33	177	131	38	224	111	266	574	498	454	647	249	564	1665	1369	1003	2362	2390	3354	3491	3947	11053	6769	17946	19562	0
LFQ	35	0	0	0	0	0	7	33	28	142	151	13	6	23	13	36	128	108	48	153	145	72	234	131	256	619	424	490	640	281	562	1664	1536	1014	2470	2503	3408	3451	3929	11234	6793	17780	18773	0
LFQ	36	0	0	0	0	0	3	32	41	127	132	2	6	29	16	33	127	108	36	164	119	73	192	138	253	549	436	478	583	320	505	1784	1466	911	2370	2312	3605	3119	4063	10589	7277	17100	19934	0
LFQ	37	0	0	0	0	0	4	29	32	110	131	5	5	22	17	36	129	119	37	160	129	67	210	125	256	553	430	478	538	300	569	1714	1455	936	2634	2296	3703	2971	4123	10686	7117	16954	19652	0
LFQ	38	0	0	0	0	0	2	22	36	95	123	3	4	22	22	46	136	114	42	164	127	72	195	135	252	547	371	469	544	332	572	1575	1400	1025	2693	2288	3806	3031	4073	10754	7027	16832	19529	0
LFQ	39	0	0	0	0	0	9	33	48	110	159	2	2	25	25	43	131	74	35	164	149	69	199	125	323	586	351	531	552	389	605	1624	1500	1002	2689	2317	4059	3126	3977	10420	7213	16536	19017	0
LFQ	40	0	0	0	0	0	4	33	44	117	122	0	11	26	31	49	143	75	38	153	125	70	225	142	355	534	365	575	597	407	563	1600	1457	1093	2837	2350	4120	3123	3998	10320	7082	16554	18623	0
LFQ	41	0	0	0	0	0	4	35	74	111	128	2	12	25	27	48	131	81	30	157	145	109	218	159	379	560	311	576	556	438	588	1567	1599	1154	2865	2252	4163	3218	4170	10362	6974	16413	18073	0
LFQ	42	0	0	0	0	0	6	41	67	82	102	3	8	45	27	60	145	73	40	138	116	111	222	160	361	545	286	605	566	470	623	1559	1552	1211	3051	2343	4308	3144	4186	10348	7078	16257	17465	0
LFQ	43	0	0	0	0	0	4	48	70	102	119	0	7	38	34	66	152	67	46	183	149	110	255	190	424	570	263	672	628	534	714	1498	1677	1190	3086	2620	4431	3360	4073	10335	6826	15904	16632	0
LFQ	44	0	0	0	0	0	5	29	51	84	102	2	5	35	36	46	124	48	38	154	119	112	213	176	400	532	240	542	518	602	495	1431	1525	1140	2918	2380	4632	2952	4256	9284	7789	15319	18518	0
LFQ	45	0	0	0	0	0	2	27	38	68	72	2	7	24	31	52	91	31	35	111	87	202	123	162	367	463	249	557	455	543	534	1267	1426	1092	2923	2384	4637	2938	4274	8811	7474	15603	19486	0
LFQ	46	0	0	0	0	0	8	31	57	68	84	3	4	29	37	45	68	35	53	124	117	156	133	164	390	422	197	527	487	545	591	1190	1441	1077	2898	2387	4998	3100	4164	8561	7170	14967	20077	0
LFQ	47	0	0	0	0	0	5	14	47	70	43	1	5	32	29	37	72	30	42	129	89	175	113	153	377	398	171	509	448	570	586	1142	1477	1082	2809	2436	5192	3110	4275	8337	7053	14892	20222	0
LFQ	48	0	0	0	0	0	4	38	63	69	65	0	10	30	30	51	73	37	41	110	106	165	114	166	389	428	164	561	411	569	605	1062	1509	1148	2812	2616	5446	3268	4328	8310	6875	14498	19773	0
LFQ	49	0	0	0	0	0	7	34	60	89	59	2	5	30	49	49	52	32	43	143	99	207	104	180	353	451	155	597	588	636	651	1099	1574	1158	2886	2716	5661	3477	4393	7569	7494	14187	18784	0
LFQ	50	0	0	0	0	0	6	32	48	68	68	3	5	31	33	42	69	28	61	142	92	205	112	219	429	452	134	653	562	687	674	1109	1616	1279	2944	2831	5798	3501	4522	7348	7583	13869	18131	0
LFQ	51	0	0	0	0	0	5	50	95	102	102	3	20	50	97	74	123	34	72	179	113	372	187	461	693	762	279	1131	767	1567	861	2486	2735	2050	5336	4441	5111	4073	8029	9502	11604	7992	3477	0
LFQ	52	0	0	0	0	0	6	18	51	65	41	3	15	36	62	45	74	19	41	118	73	288	125	295	510	465	161	823	623	1076	766	1646	2305	1715	4276	4187	5110	4135	6010	9044	14285	12408	3881	0
LFQ	53	0	0	0	0	0	3	22	58	52	31	4	8	33	47	35	42	23	44	113	66	252	100	220	400	407	119	675	505	841	649	1134	1901	1603	3473	3910	6042	4035	4954	8026	11015	14916	8811	0
LFQ	54	0	0	0	0	0	8	18	40	38	20	3	7	35	31	34	27	17	37	90	58	222	65	202	387	309	96	617	443	685	667	967	1614	1433	3111	3633	6751	3990	4819	7043	9058	13680	14094	0
LFQ	55	0	0	0	0	0	8	17	53	60	25	10	7	31	34	55	53	21	52	109	79	201	113	187	408	215	213	664	483	703	709	969	1733	1405	2964	3594	7356	4166	4625	6567	7881	12373	16008	0
LFQ	56	0	0	0	0	0	7	32	57	71	22	3	15	28	41	46	37	19	51	122	78	245	125	203	408	230	229	734	473	749	726	954	1670	1511	2954	3612	7965	4165	4698	6172	7626	11478	16401	0
LFQ	57	0	0	0	0	0	11	24	62	53	20	2	8	26	42	70	44	18	60	131	72	242	133	214	437	215	267	715	502	740	786	995	1781	1489	2978	3847	8368	4258	4752	5950	7806	10829	15795	0
LFQ	58	0	0	0	0	0	11	23	61	70	13	3	14	26	46	49	34	27	51	125	64	244	120	224	473	198	243	672	472	742	779	1039	1767	1493	3139	4027	8661	4298	5008	5746	7648	10595	15335	0
LFQ	59	0	0	0	0	0	10	28	38	81	6	4	15	28	41	37	38	24	53	129	74	210	100	310	293	193	210	874	517	742	793	1030	1896	1548	3107	4172	9288	4359	5084	5652	7573	10106	14666	0
LFQ	60	0	0	0	0	0	4	25	65	60	10	8	14	26	45	33	32	21	46	152	63	200	111	322	313	170	258	966	515	756	822	1012	1821	1595	3233	4367	9657	4555	5249	5233	7704	9515	14130	0
LFQ	61	0	0	0	0	0	9	20	65	76	4	6	12	26	46	40	43	25	55	156	50	249	110	317	275	197	285	932	509	774	852	1119	1992	1642	3264	4608	10196	4595	5410	4988	7795	8930	13213	0
LFQ	62	0	0	0	0	0	13	26	62	73	6	6	19	28	42	31	33	24	54	173	56	239	103	386	301	170	249	1031	534	728	894	1147	1985	1731	3268	4881	10687	4831	5545	4831	7892	8327	12257	0
LFQ	63	0	0	0	0	0	21	29	76	57	5	10	24	29	48	31	45	9	54	210	41	266	115	400	272	183	279	1022	570	761	977	1206	2008	1834	3455	5042	11066	5076	5727	4589	7737	7756	11416	0
LFQ	64	0	0	0	0	0	13	22	76	54	6	8	18	22	33	30	54	13	70	191	53	276	100	379	280	179	297	1044	556	720	955	1236	2120	1899	3574	5364	11550	5133	5990	4368	7713	7150	10679	0
LFQ	65	0	0	0	0	0	14	18	60	58	2	11	10	32	25	32	51	26	62	167	81	265	103	304	370	200	346	943	409	736	1182	1296	2136	1846	3517	5694	12336	5452	5961	4222	7647	6811	9580	0
LFQ	66	0	0	0	0	0	16	19	68	65	1	8	19	29	29	26	38	34	60	184	70	309	91	305	364	170	352	1033	369	675	1273	1316	2178	2052	3555	5815	12983	5534	6217	3910	7494	6278	8810	0
LFQ	67	0	0	0	0	0	15	21	83	81	0	7	16	38	37	36	49	30	74	201	75	289	117	371	371	214	393	1099	445	665	1428	1369	2267	1963	3785	6218	13368	5688	6234	3814	7160	5746	7752	0
LFQ	68	0	0	0	0	0	10	24	73	47	0	13	15	35	34	33	54	24	61	195	53	291	111	344	372	211	384	1171	436	651	1458	1465	2338	2124	3860	6348	14046	5810	6271	3533	7262	5133	7000	0
LFQ	69	0	0	0	0	0	20	14	85	67	0	9	21	29	28	31	60	32	56	205	74	346	96	328	393	188	411	1123	453	651	1486	1516	2357	2223	4127	6835	14392	5858	6286	3224	7116	4743	6155	0
LFQ	70	0	0	0	0	0	11	20	82	45	0	11	11	44	28	25	59	32	72	232	62	303	69	191	285	467	421	1117	456	637	1540	1594	2475	2333	3981	7043	15314	5842	6385	2921	6895	4120	5650	0
LFQ	71	0	0	0	0	0	13	17	104	62	0	11	19	40	36	29	59	22	69	218	69	345	73	176	260	497	409	1097	482	546	1588	1630	2512	2347	4358	7358	15835	5972	6443	2626	6613	3685	4906	0
LFQ	72	0	0	0	0	0	14	10	84	34	0	11	20	33	31	20	62	34	62	242	69	387	107	146	264	517	458	1109	526	555	1558	1597	2495	2354	4383	7596	16533	6197	6490	2399	6304	3250	4308	0
LFQ	73	0	0	0	0	0	20	14	121	52	0	9	21	43	28	29	75	34	89	250	75	418	102	177	292	519	497	1178	537	531	1654	1724	2664	2478	4511	7958	16931	6038	6387	2250	5824	2761	3662	0
LFQ	74	0	0	0	0	0	28	14	137	46	0	18	29	38	26	21	74	24	78	277	81	390	105	142	321	558	521	1166	549	553	1730	1744	2668	2444	4650	8344	17539	6090	6348	1969	5452	2491	2969	0
LFQ	75	0	0	0	0	0	22	15	131	58	0	17	16	61	31	24	69	37	99	269	86	409	92	173	324	537	532	882	999	537	1829	1863	2766	2563	4744	8597	18049	5967	6174	1739	5054	2091	2456	0
LFQ	76	0	0	0	0	0	24	14	125	38	0	21	33	45	23	18	79	24	84	267	78	400	93	162	326	584	537	831	945	471	1816	1770	2711	2656	4858	8913	18761	6011	6076	1481	4915	1640	2178	0
LFQ	77	0	0	0	0	0	26	16	111	41	0	12	18	44	25	27	86	34	87	235	91	416	67	132	349	567	556	794	914	405	1847	1850	2747	2515	4940	9106	19685	6141	5793	1281	4524	1428	1795	0
LFQ	78	0	0	0	0	0	25	9	133	40	0	19	23	42	23	26	71	25	84	296	101	419	98	124	330	581	607	829	1012	436	1966	1794	2902	2635	4902	9343	20278	5951	5661	1148	3934	1149	1365	0
LFQ	79	0	0	0	0	0	33	22	114	26	0	16	23	47	17	24	79	33	112	253	89	458	105	117	330	624	679	787	1050	421	2003	1850	2925	2686	4903	9805	20376	6020	5406	937	3701	904	1081	0
LFQ	80	0	0	0	0	0	26	12	135	29	0	16	21	44	25	18	82	35	95	287	103	450	76	119	376	649	689	722	1091	405	2082	1918	2992	2754	5190	9934	20624	5943	5034	822	3325	739	820	0
LFQ	81	0	0	0	0	0	36	17	150	36	0	19	17	43	19	18	101	28	88	284	89	502	76	98	420	588	742	707	1114	338	2058	1913	2881	2990	5189	10282	21141	5814	4769	711	2902	507	629	0
LFQ	82	0	0	0	0	0	39	17	179	32	1	25	22	71	21	18	91	51	88	364	96	530	74	107	413	671	787	730	1172	374	2251	2055	3028	2950	5193	10744	21098	5485	4374	595	2415	380	412	0
LFQ	83	0	0	0	0	0	31	11	150	26	0	26	17	65	11	20	96	36	105	317	103	521	74	91	429	713	798	692	1228	331	2183	1972	3055	2982	5339	11047	21535	5364	4079	443	2108	308	269	0
LFQ	84	0	0	0	0	0	29	13	166	27	0	23	18	68	19	12	86	32	104	333	117	540	89	97	432	722	851	673	1208	313	2122	1997	3179	3028	5260	11040	22018	5193	3798	371	1790	160	197	0
LFQ	85	0	0	0	0	0	39	9	186	15	0	34	28	58	14	22	103	49	108	402	142	521	89	94	488	754	912	687	1346	268	2252	2025	3107	3073	5353	11186	22004	4903	3447	277	1415	105	130	0
LFQ	86	0	0	0	0	0	37	5	185	24	0	45	33	82	20	19	110	55	133	360	143	532	70	94	495	791	945	703	1332	278	2420	2150	3207	3200	5349	11398	21883	4629	2993	213	1125	75	84	0
LFQ	87	0	0	0	0	0	35	9	165	24	0	31	20	74	7	11	100	44	93	356	139	527	56	79	508	744	936	648	1400	250	2365	2093	3329	3269	5505	11625	22163	4389	2675	152	885	50	44	0
LFQ	88	0	0	0	0	0	47	11	182	20	0	25	21	60	8	11	97	50	112	369	135	525	59	91	474	750	979	569	1390	239	2447	2070	3337	3189	5306	11909	22446	4168	2433	105	633	28	38	0
LFQ	89	0	0	0	0	0	32	8	153	15	0	31	22	74	5	10	93	52	119	348	142	523	45	80	509	757	1003	487	1439	205	2387	2006	3411	3241	5375	12154	22472	4027	2099	72	455	15	22	0
LFQ	90	0	0	0	0	0	32	9	164	22	0	39	16	62	3	10	108	45	122	352	166	519	58	57	465	748	957	469	1403	171	2431	2014	3311	3229	5394	12190	22822	3893	1754	54	307	7	10	0
LFQ	91	0	0	0	0	0	38	4	151	9	0	45	15	51	6	7	95	43	110	358	167	514	42	67	478	786	1033	500	1444	163	2392	2059	3391	3303	5277	12166	22828	3602	1496	37	215	5	5	0
LFQ	92	0	0	0	0	0	32	3	181	17	0	41	18	70	5	11	122	46	126	363	171	508	38	69	511	756	1110	391	1479	178	2483	2184	3307	3410	5161	12308	22453	3442	1165	33	138	0	2	0
LFQ	93	0	0	0	0	0	40	9	192	22	0	39	16	82	6	9	132	63	108	409	205	486	35	65	537	836	1225	393	1526	149	2635	2164	3525	3436	5293	12374	21518	3141	929	17	93	0	0	0
LFQ	94	0	0	0	0	0	37	3	179	5	0	46	11	66	10	9	125	38	128	375	223	488	23	60	569	770	1243	416	1499	141	2622	2193	3565	3641	5192	12436	21518	2805	698	8	57	0	0	0
LFQ	95	0	0	0	0	0	36	6	160	5	0	34	14	2	59	9	101	48	110	369	199	441	27	67	476	821	1170	332	1493	109	2586	2126	3611	3538	5290	12642	21505	2659	536	4	38	0	0	0
LFQ	96	0	0	0	0	0	31	0	205	7	0	37	14	1	56	6	109	60	107	403	202	466	8	65	472	786	1192	292	1568	106	2575	2159	3531	3491	5124	12700	21334	2454	403	3	24	0	0	0
LFQ	97	0	0	0	0	0	23	1	158	9	0	27	10	3	66	7	141	44	128	389	225	433	23	48	500	794	1190	276	1546	123	2632	2120	3562	3592	5126	12623	21011	2234	295	2	11	0	0	0
LFQ	98	0	0	0	0	0	23	2	130	6	0	26	9	2	33	5	129	48	135	379	214	452	20	68	511	789	1234	219	1550	94	2570	2222	3481	3667	5088	12681	20585	2070	235	0	6	0	0	0
LFQ	99	0	0	0	0	0	4	0	40	2	0	12	3	1	12	1	95	64	103	400	221	440	12	63	489	776	1235	173	1565	86	2548	2142	3467	3618	5197	12485	20554	1900	204	0	1	0	0	0
LFQ	100	0	0	0	0	0	0	0	0	0	0	0	0	0	1	0	102	45	106	369	187	412	11	69	479	792	1207	187	1573	73	2600	2263	3536	3612	4970	12556	19840	1765	144	0	0	0	0	0
LFQ	101	0	0	0	0	0	0	0	0	0	0	0	0	0	0	0	0	0	0	0	0	645	23	110	798	1160	2274	299	2283	151	3743	2882	4572	4400	4840	12760	12006	847	53	0	0	0	0	0
# GC Content of first fragments. Use `grep ^GCF | cut -f 2-` to extract this part.
GCF	1.51	1
GCF	3.27	3
GCF	4.77	4
GCF	6.28	5
GCF	6.78	4
GCF	7.29	3
GCF	7.79	4
GCF	8.54	3
GCF	9.55	2
GCF	10.30	3
GCF	10.80	4
GCF	11.31	6
GCF	11.81	9
GCF	12.31	10
GCF	12.81	11
GCF	13.32	12
GCF	13.82	11
GCF	14.32	12
GCF	14.82	14
GCF	15.33	13
GCF	15.83	11
GCF	16.33	12
GCF	16.83	18
GCF	17.34	22
GCF	17.84	21
GCF	18.34	24
GCF	18.84	28
GCF	19.35	30
GCF	19.85	47
GCF	20.35	52
GCF	20.85	55
GCF	21.36	53
GCF	21.86	63
GCF	22.36	68
GCF	22.86	91
GCF	23.37	90
GCF	23.87	113
GCF	24.37	112
GCF	24.87	159
GCF	25.38	157
GCF	25.88	207
GCF	26.38	205
GCF	26.88	268
GCF	27.39	271
GCF	27.89	330
GCF	28.39	341
GCF	28.89	383
GCF	29.40	385
GCF	29.90	480
GCF	30.40	490
GCF	30.90	602
GCF	31.41	609
GCF	32.16	672
GCF	32.91	768
GCF	33.42	869
GCF	33.92	873
GCF	34.42	987
GCF	34.92	1005
GCF	35.43	1120
GCF	35.93	1145
GCF	36.43	1283
GCF	36.93	1335
GCF	37.44	1426
GCF	37.94	1420
GCF	38.44	1635
GCF	38.94	1688
GCF	39.45	1836
GCF	39.95	1839
GCF	40.45	2002
GCF	40.95	2000
GCF	41.46	2191
GCF	41.96	2274
GCF	42.46	2388
GCF	42.96	2407
GCF	43.47	2474
GCF	43.97	2512
GCF	44.47	2589
GCF	44.97	2631
GCF	45.48	2705
GCF	45.98	2726
GCF	46.48	2830
GCF	46.98	2832
GCF	47.49	2707
GCF	47.99	2758
GCF	48.49	2880
GCF	48.99	2963
GCF	49.50	2934
GCF	50.00	2928
GCF	50.50	2972
GCF	51.01	2992
GCF	51.51	3058
GCF	52.01	3056
GCF	52.51	3027
GCF	53.02	3050
GCF	53.52	2996
GCF	54.02	3094
GCF	54.52	3097
GCF	55.03	3148
GCF	55.53	3019
GCF	56.03	3015
GCF	56.53	2970
GCF	57.04	3003
GCF	57.54	2936
GCF	58.04	2917
GCF	58.54	3025
GCF	59.05	3086
GCF	59.55	2981
GCF	60.05	2970
GCF	60.55	2843
GCF	61.06	2763
GCF	61.56	2643
GCF	62.06	2608
GCF	62.56	2468
GCF	63.07	2453
GCF	63.57	2295
GCF	64.07	2271
GCF	64.57	2151
GCF	65.08	2135
GCF	65.58	2074
GCF	66.08	2001
GCF	66.58	1909
GCF	67.09	1772
GCF	67.59	1712
GCF	68.09	1596
GCF	68.59	1553
GCF	69.10	1382
GCF	69.60	1368
GCF	70.10	1335
GCF	70.60	1256
GCF	71.11	1231
GCF	71.61	1174
GCF	72.11	1020
GCF	72.61	951
GCF	73.12	892
GCF	73.62	865
GCF	74.12	820
GCF	74.62	800
GCF	75.13	733
GCF	75.63	686
GCF	76.13	658
GCF	76.63	604
GCF	77.14	567
GCF	77.64	504
GCF	78.14	474
GCF	78.64	440
GCF	79.15	419
GCF	79.65	412
GCF	80.15	377
GCF	80.65	356
GCF	81.16	343
GCF	81.66	318
GCF	82.16	292
GCF	82.66	260
GCF	83.17	237
GCF	83.67	221
GCF	84.17	196
GCF	84.67	206
GCF	85.18	187
GCF	85.68	173
GCF	86.18	155
GCF	86.68	140
GCF	87.19	124
GCF	87.69	116
GCF	88.19	105
GCF	88.69	78
GCF	89.20	68
GCF	89.70	58
GCF	90.45	47
GCF	91.21	51
GCF	91.71	50
GCF	92.21	44
GCF	92.71	39
GCF	93.22	34
GCF	93.72	29
GCF	94.22	23
GCF	94.72	21
GCF	95.48	18
GCF	96.23	8
GCF	96.73	4
GCF	97.24	3
GCF	98.74	4
# GC Content of last fragments. Use `grep ^GCL | cut -f 2-` to extract this part.
GCL	1.51	0
GCL	3.27	4
GCL	4.27	5
GCL	5.78	6
GCL	6.78	5
GCL	7.79	6
GCL	8.79	7
GCL	9.30	8
GCL	9.80	9
GCL	10.30	10
GCL	10.80	12
GCL	11.31	9
GCL	12.06	11
GCL	12.81	9
GCL	13.32	10
GCL	14.07	14
GCL	14.82	15
GCL	15.83	17
GCL	17.09	24
GCL	17.84	19
GCL	18.34	23
GCL	18.84	29
GCL	19.35	28
GCL	20.10	33
GCL	20.85	44
GCL	21.36	50
GCL	21.86	70
GCL	22.36	76
GCL	23.12	105
GCL	23.87	121
GCL	24.37	122
GCL	24.87	180
GCL	25.38	178
GCL	25.88	222
GCL	26.38	224
GCL	26.88	248
GCL	27.39	262
GCL	27.89	310
GCL	28.39	314
GCL	28.89	392
GCL	29.40	420
GCL	29.90	500
GCL	30.40	501
GCL	30.90	546
GCL	31.41	553
GCL	31.91	653
GCL	32.41	679
GCL	32.91	769
GCL	33.42	898
GCL	33.92	914
GCL	34.42	1012
GCL	34.92	1013
GCL	35.43	1168
GCL	35.93	1152
GCL	36.43	1330
GCL	36.93	1362
GCL	37.44	1553
GCL	37.94	1538
GCL	38.44	1711
GCL	38.94	1752
GCL	39.45	1787
GCL	39.95	1792
GCL	40.45	2000
GCL	40.95	2034
GCL	41.46	2092
GCL	41.96	2129
GCL	42.46	2403
GCL	42.96	2422
GCL	43.47	2524
GCL	43.97	2546
GCL	44.47	2583
GCL	44.97	2600
GCL	45.48	2684
GCL	45.98	2724
GCL	46.48	2822
GCL	46.98	2858
GCL	47.49	2816
GCL	47.99	2864
GCL	48.49	2800
GCL	48.99	2808
GCL	49.50	2823
GCL	50.00	2924
GCL	50.50	3110
GCL	51.01	3151
GCL	51.51	3024
GCL	52.01	3007
GCL	52.51	2983
GCL	53.02	3048
GCL	53.52	3083
GCL	54.02	3135
GCL	54.52	3114
GCL	55.03	3109
GCL	55.53	3055
GCL	56.03	3059
GCL	56.53	2904
GCL	57.04	2948
GCL	57.54	2860
GCL	58.04	2894
GCL	58.54	2847
GCL	59.05	2831
GCL	59.55	2806
GCL	60.05	2867
GCL	60.55	2714
GCL	61.06	2693
GCL	61.56	2682
GCL	62.06	2661
GCL	62.56	2440
GCL	63.07	2453
GCL	63.57	2350
GCL	64.07	2298
GCL	64.57	2220
GCL	65.08	2187
GCL	65.58	2047
GCL	66.08	2020
GCL	66.58	1862
GCL	67.09	1750
GCL	67.59	1672
GCL	68.09	1485
GCL	68.59	1412
GCL	69.10	1278
GCL	69.60	1261
GCL	70.10	1204
GCL	70.60	1140
GCL	71.11	1048
GCL	71.61	991
GCL	72.11	966
GCL	72.61	929
GCL	73.12	823
GCL	73.62	846
GCL	74.12	794
GCL	74.62	761
GCL	75.13	712
GCL	75.63	677
GCL	76.13	649
GCL	76.63	581
GCL	77.14	546
GCL	77.64	508
GCL	78.14	453
GCL	78.64	446
GCL	79.15	417
GCL	79.65	398
GCL	80.15	361
GCL	80.65	312
GCL	81.16	295
GCL	81.66	277
GCL	82.16	268
GCL	82.66	252
GCL	83.17	231
GCL	83.67	218
GCL	84.17	209
GCL	84.67	186
GCL	85.18	176
GCL	85.68	159
GCL	86.18	158
GCL	86.68	127
GCL	87.19	113
GCL	87.69	102
GCL	88.19	94
GCL	88.69	91
GCL	89.20	82
GCL	89.70	69
GCL	90.20	60
GCL	90.70	55
GCL	91.21	53
GCL	91.71	51
GCL	92.21	37
GCL	92.71	33
GCL	93.22	39
GCL	93.72	40
GCL	94.22	31
GCL	94.72	29
GCL	95.23	26
GCL	95.73	25
GCL	96.23	18
GCL	96.73	6
GCL	98.49	5
# ACGT content per cycle. Use `grep ^GCC | cut -f 2-` to extract this part. The columns are: cycle; A,C,G,T base counts as a percentage of all A/C/G/T bases [%]; and N and O counts as a percentage of all A/C/G/T bases [%]
GCC	1	10.33	51.56	28.96	9.16	0.00	0.00
GCC	2	19.00	21.09	22.69	37.23	0.00	0.00
GCC	3	22.35	27.95	27.41	22.29	0.00	0.00
GCC	4	29.72	22.40	30.15	17.72	0.00	0.00
GCC	5	29.54	19.62	30.96	19.89	0.00	0.00
GCC	6	32.44	22.37	23.72	21.47	0.00	0.00
GCC	7	16.62	23.83	21.66	37.88	0.00	0.00
GCC	8	19.68	29.99	22.15	28.18	0.00	0.00
GCC	9	19.08	27.25	23.24	30.43	0.00	0.00
GCC	10	32.73	20.25	25.44	21.58	0.00	0.00
GCC	11	23.20	28.72	29.23	18.84	0.00	0.00
GCC	12	20.94	27.99	25.37	25.70	0.00	0.00
GCC	13	23.85	24.76	24.46	26.93	0.00	0.00
GCC	14	23.57	25.09	25.23	26.11	0.00	0.00
GCC	15	23.71	25.92	25.63	24.74	0.00	0.00
GCC	16	23.39	25.89	26.62	24.11	0.00	0.00
GCC	17	23.92	25.48	26.66	23.93	0.00	0.00
GCC	18	24.11	25.80	25.98	24.11	0.00	0.00
GCC	19	23.67	26.19	26.26	23.88	0.00	0.00
GCC	20	23.84	25.46	26.50	24.20	0.00	0.00
GCC	21	23.90	25.65	26.10	24.34	0.00	0.00
GCC	22	23.96	25.76	26.35	23.93	0.00	0.00
GCC	23	24.03	25.13	26.21	24.64	0.00	0.00
GCC	24	24.37	25.45	25.71	24.48	0.00	0.00
GCC	25	23.87	25.69	26.30	24.14	0.00	0.00
GCC	26	24.39	25.23	25.93	24.45	0.00	0.00
GCC	27	24.25	25.52	25.45	24.79	0.00	0.00
GCC	28	23.89	26.09	25.95	24.07	0.03	0.00
GCC	29	24.29	25.37	25.81	24.52	0.00	0.00
GCC	30	24.06	25.75	25.73	24.46	0.00	0.00
GCC	31	24.06	26.01	25.73	24.19	0.00	0.00
GCC	32	24.28	25.32	25.92	24.47	0.00	0.00
GCC	33	24.20	25.57	25.56	24.67	0.00	0.00
GCC	34	24.09	25.90	26.32	23.70	0.00	0.00
GCC	35	24.47	25.24	26.11	24.18	0.00	0.00
GCC	36	24.31	25.56	25.74	24.39	0.00	0.00
GCC	37	24.19	25.86	25.98	23.97	0.00	0.00
GCC	38	24.40	25.22	25.94	24.44	0.00	0.00
GCC	39	24.31	25.70	25.68	24.30	0.00	0.00
GCC	40	23.92	26.13	26.15	23.80	0.00	0.00
GCC	41	24.52	25.41	25.64	24.43	0.00	0.00
GCC	42	24.22	25.82	25.59	24.37	0.00	0.00
GCC	43	24.18	26.04	25.61	24.18	0.00	0.00
GCC	44	24.26	25.56	25.53	24.65	0.00	0.00
GCC	45	24.53	25.66	25.18	24.64	0.00	0.00
GCC	46	24.03	26.21	25.69	24.06	0.00	0.00
GCC	47	24.66	25.17	25.74	24.44	0.00	0.00
GCC	48	24.56	25.76	25.13	24.55	0.00	0.00
GCC	49	24.11	26.00	25.79	24.09	0.00	0.00
GCC	50	24.34	25.46	25.92	24.28	0.00	0.00
GCC	51	24.35	25.53	25.61	24.51	0.00	0.00
GCC	52	24.24	26.04	25.78	23.95	0.00	0.00
GCC	53	24.82	25.24	25.57	24.37	0.00	0.00
GCC	54	24.37	25.92	25.28	24.43	0.00	0.00
GCC	55	24.44	25.83	25.63	24.10	0.00	0.00
GCC	56	24.65	25.35	25.45	24.55	0.00	0.00
GCC	57	24.66	25.63	25.26	24.45	0.00	0.00
GCC	58	24.37	25.73	25.37	24.54	0.00	0.00
GCC	59	24.61	25.36	25.52	24.51	0.00	0.00
GCC	60	24.55	25.57	25.13	24.75	0.00	0.00
GCC	61	24.43	25.82	25.44	24.32	0.00	0.00
GCC	62	24.85	25.34	25.24	24.57	0.00	0.00
GCC	63	24.73	25.30	25.18	24.79	0.00	0.00
GCC	64	24.53	25.59	25.37	24.51	0.00	0.00
GCC	65	25.03	25.15	25.34	24.49	0.00	0.00
GCC	66	24.82	25.43	24.90	24.85	0.00	0.00
GCC	67	24.51	25.79	25.47	24.23	0.00	0.00
GCC	68	24.97	25.27	25.17	24.59	0.00	0.00
GCC	69	24.84	25.60	24.92	24.64	0.00	0.00
GCC	70	24.44	25.70	25.36	24.49	0.00	0.00
GCC	71	25.09	25.15	25.12	24.64	0.00	0.00
GCC	72	24.63	25.47	25.04	24.87	0.00	0.00
GCC	73	24.97	25.54	25.26	24.23	0.00	0.00
GCC	74	25.28	24.91	25.07	24.74	0.00	0.00
GCC	75	24.83	25.31	25.02	24.84	0.00	0.00
GCC	76	24.84	25.82	24.88	24.45	0.00	0.00
GCC	77	25.28	25.09	25.04	24.59	0.00	0.00
GCC	78	25.07	25.30	24.75	24.89	0.00	0.00
GCC	79	24.75	25.30	25.23	24.73	0.00	0.00
GCC	80	25.24	25.16	24.75	24.86	0.00	0.00
GCC	81	25.12	25.36	24.72	24.81	0.00	0.00
GCC	82	24.87	25.65	25.18	24.29	0.00	0.00
GCC	83	25.23	24.66	25.16	24.94	0.00	0.00
GCC	84	25.25	25.17	24.72	24.86	0.00	0.00
GCC	85	25.18	25.09	25.15	24.58	0.00	0.00
GCC	86	25.20	24.73	24.99	25.08	0.00	0.00
GCC	87	25.27	25.36	24.51	24.86	0.00	0.00
GCC	88	25.05	25.27	24.84	24.84	0.00	0.00
GCC	89	25.08	24.84	24.80	25.28	0.00	0.00
GCC	90	25.11	25.21	24.68	24.99	0.00	0.00
GCC	91	25.04	25.51	24.43	25.02	0.00	0.00
GCC	92	25.66	24.77	24.41	25.17	0.00	0.00
GCC	93	25.58	24.92	24.10	25.40	0.00	0.00
GCC	94	25.30	25.28	24.46	24.96	0.00	0.00
GCC	95	25.70	24.69	24.54	25.08	0.00	0.00
GCC	96	25.44	25.17	24.15	25.24	0.00	0.00
GCC	97	25.39	25.44	24.53	24.64	0.00	0.00
GCC	98	25.68	24.88	24.06	25.39	0.00	0.00
GCC	99	25.87	24.90	23.95	25.29	0.00	0.00
GCC	100	25.52	25.26	24.53	24.69	0.00	0.00
GCC	101	25.68	25.15	24.47	24.70	0.00	0.00
# ACGT content per cycle, read oriented. Use `grep ^GCT | cut -f 2-` to extract this part. The columns are: cycle; A,C,G,T base counts as a percentage of all A/C/G/T bases [%]
GCT	1	10.32	51.71	28.80	9.17
GCT	2	18.86	21.09	22.69	37.36
GCT	3	22.33	27.96	27.40	22.31
GCT	4	29.80	22.34	30.22	17.64
GCT	5	29.61	19.52	31.06	19.82
GCT	6	32.50	22.34	23.75	21.41
GCT	7	16.46	23.85	21.65	38.04
GCT	8	19.60	30.06	22.08	28.25
GCT	9	19.01	27.28	23.21	30.50
GCT	10	32.80	20.19	25.49	21.51
GCT	11	23.25	28.73	29.23	18.80
GCT	12	20.90	28.01	25.35	25.73
GCT	13	23.82	24.76	24.46	26.96
GCT	14	23.56	25.06	25.26	26.12
GCT	15	23.68	25.89	25.66	24.77
GCT	16	23.38	25.88	26.63	24.12
GCT	17	23.91	25.48	26.66	23.95
GCT	18	24.09	25.81	25.97	24.13
GCT	19	23.65	26.20	26.25	23.89
GCT	20	23.83	25.44	26.52	24.21
GCT	21	23.90	25.64	26.12	24.34
GCT	22	23.95	25.77	26.35	23.93
GCT	23	24.01	25.10	26.24	24.65
GCT	24	24.39	25.44	25.72	24.46
GCT	25	23.86	25.68	26.31	24.15
GCT	26	24.39	25.25	25.91	24.45
GCT	27	24.24	25.52	25.45	24.80
GCT	28	23.89	26.11	25.93	24.07
GCT	29	24.29	25.37	25.82	24.52
GCT	30	24.05	25.76	25.72	24.48
GCT	31	24.08	26.01	25.73	24.18
GCT	32	24.29	25.32	25.92	24.46
GCT	33	24.19	25.59	25.53	24.68
GCT	34	24.09	25.91	26.30	23.70
GCT	35	24.45	25.26	26.09	24.20
GCT	36	24.32	25.54	25.75	24.39
GCT	37	24.17	25.88	25.96	23.99
GCT	38	24.38	25.25	25.91	24.46
GCT	39	24.31	25.71	25.67	24.31
GCT	40	23.92	26.13	26.16	23.80
GCT	41	24.52	25.39	25.66	24.43
GCT	42	24.20	25.82	25.59	24.39
GCT	43	24.14	26.02	25.63	24.21
GCT	44	24.24	25.57	25.53	24.66
GCT	45	24.51	25.65	25.18	24.66
GCT	46	24.03	26.21	25.69	24.06
GCT	47	24.63	25.19	25.72	24.47
GCT	48	24.54	25.75	25.14	24.57
GCT	49	24.08	25.99	25.80	24.13
GCT	50	24.34	25.45	25.93	24.29
GCT	51	24.35	25.52	25.63	24.51
GCT	52	24.22	26.03	25.78	23.96
GCT	53	24.82	25.24	25.57	24.37
GCT	54	24.36	25.90	25.30	24.44
GCT	55	24.44	25.84	25.63	24.09
GCT	56	24.64	25.36	25.44	24.55
GCT	57	24.65	25.63	25.26	24.46
GCT	58	24.33	25.72	25.37	24.57
GCT	59	24.60	25.35	25.54	24.52
GCT	60	24.53	25.59	25.11	24.77
GCT	61	24.43	25.83	25.42	24.32
GCT	62	24.86	25.35	25.23	24.56
GCT	63	24.71	25.33	25.15	24.81
GCT	64	24.53	25.62	25.35	24.50
GCT	65	25.01	25.16	25.32	24.51
GCT	66	24.81	25.45	24.88	24.86
GCT	67	24.51	25.77	25.49	24.24
GCT	68	24.98	25.28	25.16	24.58
GCT	69	24.84	25.59	24.93	24.64
GCT	70	24.46	25.70	25.36	24.48
GCT	71	25.10	25.15	25.12	24.63
GCT	72	24.63	25.48	25.03	24.86
GCT	73	24.99	25.54	25.26	24.21
GCT	74	25.30	24.94	25.05	24.71
GCT	75	24.83	25.35	24.99	24.83
GCT	76	24.83	25.83	24.87	24.47
GCT	77	25.27	25.06	25.07	24.60
GCT	78	25.06	25.31	24.74	24.89
GCT	79	24.71	25.32	25.21	24.77
GCT	80	25.25	25.16	24.75	24.84
GCT	81	25.14	25.37	24.70	24.79
GCT	82	24.89	25.70	25.13	24.27
GCT	83	25.24	24.65	25.18	24.93
GCT	84	25.24	25.16	24.72	24.88
GCT	85	25.19	25.07	25.18	24.56
GCT	86	25.23	24.70	25.01	25.06
GCT	87	25.27	25.37	24.50	24.85
GCT	88	25.07	25.30	24.80	24.83
GCT	89	25.09	24.87	24.77	25.27
GCT	90	25.11	25.23	24.67	24.99
GCT	91	25.04	25.51	24.44	25.02
GCT	92	25.65	24.77	24.40	25.17
GCT	93	25.57	24.93	24.09	25.41
GCT	94	25.29	25.28	24.46	24.97
GCT	95	25.71	24.69	24.53	25.06
GCT	96	25.44	25.20	24.12	25.23
GCT	97	25.39	25.43	24.54	24.64
GCT	98	25.69	24.92	24.01	25.37
GCT	99	25.85	24.93	23.92	25.31
GCT	100	25.52	25.27	24.52	24.69
GCT	101	25.71	25.13	24.49	24.67
# ACGT content per cycle for first fragments. Use `grep ^FBC | cut -f 2-` to extract this part. The columns are: cycle; A,C,G,T base counts as a percentage of all A/C/G/T bases [%]; and N and O counts as a percentage of all A/C/G/T bases [%]
FBC	1	10.53	50.57	29.50	9.40	0.00	0.00
FBC	2	19.23	20.94	22.71	37.13	0.00	0.00
FBC	3	22.69	27.41	27.13	22.77	0.00	0.00
FBC	4	29.80	22.08	30.06	18.06	0.00	0.00
FBC	5	29.53	19.61	30.93	19.93	0.00	0.00
FBC	6	32.47	22.23	23.61	21.69	0.00	0.00
FBC	7	16.57	23.78	21.71	37.94	0.00	0.00
FBC	8	19.67	29.82	22.14	28.37	0.00	0.00
FBC	9	19.16	27.20	23.17	30.47	0.00	0.00
FBC	10	32.79	20.20	25.46	21.56	0.00	0.00
FBC	11	23.32	28.63	29.22	18.83	0.00	0.00
FBC	12	20.88	28.05	25.17	25.90	0.00	0.00
FBC	13	23.86	24.64	24.49	27.01	0.00	0.00
FBC	14	23.58	24.86	25.45	26.12	0.00	0.00
FBC	15	23.69	25.92	25.58	24.81	0.00	0.00
FBC	16	23.62	25.89	26.38	24.11	0.00	0.00
FBC	17	23.68	25.42	26.81	24.08	0.00	0.00
FBC	18	24.09	25.76	25.99	24.16	0.00	0.00
FBC	19	23.78	25.93	26.38	23.91	0.00	0.00
FBC	20	23.88	25.49	26.58	24.05	0.00	0.00
FBC	21	23.80	25.68	26.18	24.34	0.00	0.00
FBC	22	23.95	25.81	26.42	23.82	0.00	0.00
FBC	23	23.85	25.15	26.24	24.76	0.00	0.00
FBC	24	24.34	25.35	25.60	24.71	0.00	0.00
FBC	25	23.90	25.61	26.39	24.10	0.00	0.00
FBC	26	24.36	25.22	26.00	24.43	0.00	0.00
FBC	27	24.25	25.64	25.36	24.75	0.00	0.00
FBC	28	23.88	25.96	26.00	24.16	0.06	0.00
FBC	29	24.20	25.50	25.80	24.50	0.00	0.00
FBC	30	24.17	25.69	25.59	24.55	0.00	0.00
FBC	31	24.01	25.82	25.87	24.29	0.00	0.00
FBC	32	24.26	25.39	26.15	24.21	0.00	0.00
FBC	33	24.36	25.38	25.54	24.72	0.00	0.00
FBC	34	24.14	25.78	26.35	23.74	0.00	0.00
FBC	35	24.37	25.18	26.30	24.14	0.00	0.00
FBC	36	24.26	25.38	25.90	24.47	0.00	0.00
FBC	37	24.26	25.83	26.09	23.81	0.00	0.00
FBC	38	24.40	25.14	25.88	24.58	0.00	0.00
FBC	39	24.45	25.61	25.79	24.14	0.00	0.00
FBC	40	24.02	25.99	26.02	23.97	0.00	0.00
FBC	41	24.56	25.22	25.61	24.62	0.00	0.00
FBC	42	24.25	25.78	25.48	24.48	0.00	0.00
FBC	43	24.08	26.12	25.76	24.05	0.00	0.00
FBC	44	24.29	25.76	25.45	24.50	0.00	0.00
FBC	45	24.65	25.63	25.07	24.66	0.00	0.00
FBC	46	24.04	26.13	25.60	24.23	0.00	0.00
FBC	47	24.52	25.11	25.86	24.52	0.00	0.00
FBC	48	24.37	25.80	25.21	24.63	0.00	0.00
FBC	49	24.34	25.81	25.70	24.16	0.00	0.00
FBC	50	24.36	25.18	26.09	24.36	0.00	0.00
FBC	51	24.54	25.28	25.63	24.54	0.00	0.00
FBC	52	24.22	25.89	25.82	24.07	0.00	0.00
FBC	53	24.90	25.30	25.50	24.30	0.00	0.00
FBC	54	24.22	25.62	25.55	24.61	0.00	0.00
FBC	55	24.40	25.86	25.64	24.09	0.00	0.00
FBC	56	24.58	25.41	25.30	24.71	0.00	0.00
FBC	57	24.61	25.70	25.24	24.45	0.00	0.00
FBC	58	24.34	25.54	25.37	24.75	0.00	0.00
FBC	59	24.54	25.30	25.51	24.65	0.00	0.00
FBC	60	24.46	25.52	25.07	24.94	0.00	0.00
FBC	61	24.23	25.80	25.50	24.47	0.00	0.00
FBC	62	24.90	25.26	25.14	24.70	0.00	0.00
FBC	63	24.61	25.18	25.14	25.06	0.00	0.00
FBC	64	24.52	25.74	25.08	24.66	0.00	0.00
FBC	65	24.91	25.06	25.28	24.75	0.00	0.00
FBC	66	24.90	25.27	24.94	24.89	0.00	0.00
FBC	67	24.71	25.58	25.46	24.26	0.00	0.00
FBC	68	24.91	25.05	25.31	24.72	0.00	0.00
FBC	69	24.90	25.60	24.81	24.69	0.00	0.00
FBC	70	24.49	25.71	25.21	24.59	0.00	0.00
FBC	71	25.15	25.05	25.06	24.74	0.00	0.00
FBC	72	24.62	25.21	25.17	24.99	0.00	0.00
FBC	73	24.88	25.44	25.35	24.33	0.00	0.00
FBC	74	25.29	24.74	25.13	24.84	0.00	0.00
FBC	75	25.05	25.14	24.76	25.04	0.00	0.00
FBC	76	24.90	25.88	24.61	24.62	0.00	0.00
FBC	77	25.25	24.95	25.01	24.79	0.00	0.00
FBC	78	25.33	25.26	24.48	24.93	0.00	0.00
FBC	79	24.93	25.27	24.82	24.98	0.00	0.00
FBC	80	25.44	25.24	24.51	24.82	0.00	0.00
FBC	81	25.27	25.35	24.42	24.96	0.00	0.00
FBC	82	25.32	25.36	25.04	24.28	0.00	0.00
FBC	83	25.40	24.54	24.96	25.09	0.00	0.00
FBC	84	25.35	25.24	24.40	25.02	0.00	0.00
FBC	85	25.35	25.26	24.88	24.51	0.00	0.00
FBC	86	25.28	24.66	24.74	25.32	0.00	0.00
FBC	87	25.50	25.24	24.27	24.98	0.00	0.00
FBC	88	25.41	25.06	24.67	24.86	0.00	0.00
FBC	89	25.13	24.82	24.63	25.43	0.00	0.00
FBC	90	25.24	25.05	24.55	25.16	0.00	0.00
FBC	91	25.05	25.36	24.39	25.20	0.00	0.00
FBC	92	25.68	25.03	24.14	25.15	0.00	0.00
FBC	93	25.89	24.86	23.71	25.53	0.00	0.00
FBC	94	25.58	24.97	24.29	25.17	0.00	0.00
FBC	95	25.78	24.37	24.51	25.33	0.00	0.00
FBC	96	25.68	25.07	23.64	25.61	0.00	0.00
FBC	97	25.44	25.40	24.35	24.82	0.00	0.00
FBC	98	25.91	24.87	23.82	25.40	0.00	0.00
FBC	99	25.87	24.93	23.63	25.57	0.00	0.00
FBC	100	25.77	24.99	24.36	24.87	0.00	0.00
FBC	101	25.90	24.79	24.10	25.22	0.00	0.00
# ACGT raw counters for first fragments. Use `grep ^FTC | cut -f 2-` to extract this part. The columns are: A,C,G,T,N base counters
FTC	1783724	1871813	1861241	1799577	50
# ACGT content per cycle for last fragments. Use `grep ^LBC | cut -f 2-` to extract this part. The columns are: cycle; A,C,G,T base counts as a percentage of all A/C/G/T bases [%]; and N and O counts as a percentage of all A/C/G/T bases [%]
LBC	1	10.13	52.54	28.42	8.91	0.00	0.00
LBC	2	18.77	21.23	22.68	37.32	0.00	0.00
LBC	3	22.02	28.48	27.69	21.81	0.00	0.00
LBC	4	29.64	22.72	30.25	17.39	0.00	0.00
LBC	5	29.55	19.63	30.99	19.84	0.01	0.00
LBC	6	32.42	22.52	23.82	21.24	0.00	0.00
LBC	7	16.68	23.89	21.61	37.82	0.00	0.00
LBC	8	19.69	30.17	22.16	27.99	0.00	0.00
LBC	9	19.00	27.30	23.31	30.40	0.00	0.00
LBC	10	32.68	20.29	25.43	21.60	0.00	0.00
LBC	11	23.09	28.82	29.24	18.85	0.00	0.00
LBC	12	21.01	27.93	25.57	25.49	0.00	0.00
LBC	13	23.84	24.88	24.43	26.84	0.00	0.00
LBC	14	23.56	25.32	25.01	26.11	0.00	0.00
LBC	15	23.74	25.92	25.69	24.66	0.00	0.00
LBC	16	23.15	25.89	26.85	24.11	0.00	0.00
LBC	17	24.16	25.54	26.51	23.78	0.00	0.00
LBC	18	24.12	25.84	25.96	24.07	0.00	0.00
LBC	19	23.55	26.46	26.14	23.85	0.00	0.00
LBC	20	23.81	25.43	26.42	24.35	0.00	0.00
LBC	21	24.01	25.63	26.03	24.34	0.00	0.00
LBC	22	23.97	25.71	26.28	24.04	0.00	0.00
LBC	23	24.20	25.11	26.18	24.51	0.00	0.00
LBC	24	24.39	25.55	25.82	24.24	0.00	0.00
LBC	25	23.85	25.77	26.21	24.17	0.00	0.00
LBC	26	24.43	25.24	25.85	24.48	0.00	0.00
LBC	27	24.24	25.39	25.54	24.83	0.00	0.00
LBC	28	23.90	26.23	25.90	23.98	0.00	0.00
LBC	29	24.38	25.25	25.82	24.54	0.00	0.00
LBC	30	23.94	25.81	25.87	24.38	0.00	0.00
LBC	31	24.11	26.20	25.58	24.10	0.00	0.00
LBC	32	24.31	25.26	25.70	24.73	0.00	0.00
LBC	33	24.04	25.76	25.58	24.62	0.00	0.00
LBC	34	24.03	26.02	26.28	23.67	0.00	0.00
LBC	35	24.57	25.30	25.92	24.21	0.00	0.00
LBC	36	24.37	25.74	25.57	24.32	0.00	0.00
LBC	37	24.11	25.89	25.87	24.13	0.00	0.00
LBC	38	24.40	25.31	26.00	24.29	0.00	0.00
LBC	39	24.17	25.79	25.57	24.47	0.00	0.00
LBC	40	23.82	26.28	26.29	23.62	0.00	0.00
LBC	41	24.49	25.62	25.67	24.23	0.00	0.00
LBC	42	24.19	25.86	25.70	24.25	0.00	0.00
LBC	43	24.28	25.97	25.45	24.30	0.00	0.00
LBC	44	24.22	25.36	25.61	24.80	0.00	0.00
LBC	45	24.41	25.68	25.29	24.62	0.00	0.00
LBC	46	24.02	26.30	25.79	23.89	0.00	0.00
LBC	47	24.80	25.24	25.61	24.35	0.00	0.00
LBC	48	24.75	25.72	25.05	24.48	0.00	0.00
LBC	49	23.88	26.20	25.88	24.03	0.00	0.00
LBC	50	24.32	25.75	25.74	24.20	0.00	0.00
LBC	51	24.15	25.78	25.59	24.47	0.00	0.00
LBC	52	24.26	26.18	25.74	23.82	0.00	0.00
LBC	53	24.75	25.17	25.64	24.44	0.00	0.00
LBC	54	24.52	26.23	25.00	24.25	0.00	0.00
LBC	55	24.49	25.79	25.62	24.10	0.00	0.00
LBC	56	24.71	25.30	25.60	24.39	0.00	0.00
LBC	57	24.72	25.55	25.29	24.44	0.00	0.00
LBC	58	24.39	25.91	25.36	24.33	0.00	0.00
LBC	59	24.67	25.42	25.53	24.38	0.00	0.00
LBC	60	24.63	25.62	25.18	24.57	0.00	0.00
LBC	61	24.63	25.84	25.37	24.17	0.00	0.00
LBC	62	24.80	25.42	25.33	24.44	0.00	0.00
LBC	63	24.84	25.41	25.22	24.52	0.00	0.00
LBC	64	24.53	25.45	25.66	24.36	0.00	0.00
LBC	65	25.14	25.23	25.39	24.24	0.00	0.00
LBC	66	24.74	25.58	24.87	24.82	0.00	0.00
LBC	67	24.33	25.99	25.48	24.21	0.00	0.00
LBC	68	25.02	25.48	25.03	24.46	0.00	0.00
LBC	69	24.78	25.60	25.03	24.59	0.00	0.00
LBC	70	24.40	25.70	25.51	24.39	0.00	0.00
LBC	71	25.04	25.24	25.18	24.55	0.00	0.00
LBC	72	24.63	25.70	24.91	24.75	0.00	0.00
LBC	73	25.05	25.63	25.18	24.14	0.00	0.00
LBC	74	25.26	25.08	25.02	24.65	0.00	0.00
LBC	75	24.61	25.47	25.26	24.65	0.00	0.00
LBC	76	24.79	25.77	25.14	24.30	0.00	0.00
LBC	77	25.31	25.22	25.07	24.40	0.00	0.00
LBC	78	24.83	25.33	25.00	24.84	0.00	0.00
LBC	79	24.59	25.32	25.61	24.49	0.00	0.00
LBC	80	25.05	25.08	24.98	24.90	0.00	0.00
LBC	81	24.98	25.37	24.99	24.66	0.00	0.00
LBC	82	24.46	25.92	25.32	24.30	0.00	0.00
LBC	83	25.07	24.78	25.35	24.80	0.00	0.00
LBC	84	25.16	25.10	25.02	24.72	0.00	0.00
LBC	85	25.02	24.94	25.40	24.64	0.00	0.00
LBC	86	25.14	24.79	25.22	24.86	0.00	0.00
LBC	87	25.05	25.47	24.72	24.76	0.00	0.00
LBC	88	24.72	25.46	25.00	24.82	0.00	0.00
LBC	89	25.04	24.86	24.96	25.14	0.00	0.00
LBC	90	25.00	25.36	24.80	24.84	0.00	0.00
LBC	91	25.04	25.64	24.47	24.85	0.00	0.00
LBC	92	25.64	24.53	24.65	25.18	0.00	0.00
LBC	93	25.30	24.97	24.46	25.28	0.00	0.00
LBC	94	25.04	25.56	24.62	24.78	0.00	0.00
LBC	95	25.62	24.97	24.56	24.86	0.00	0.00
LBC	96	25.22	25.26	24.61	24.91	0.00	0.00
LBC	97	25.35	25.48	24.69	24.48	0.00	0.00
LBC	98	25.47	24.88	24.26	25.39	0.00	0.00
LBC	99	25.87	24.86	24.22	25.05	0.00	0.00
LBC	100	25.30	25.49	24.68	24.52	0.00	0.00
LBC	101	25.50	25.47	24.79	24.24	0.00	0.00
# ACGT raw counters for last fragments. Use `grep ^LTC | cut -f 2-` to extract this part. The columns are: A,C,G,T,N base counters
LTC	1817021	1924628	1905969	1825823	7
# Insert sizes. Use `grep ^IS | cut -f 2-` to extract this part. The columns are: insert size, pairs total, inward oriented pairs, outward oriented pairs, other pairs
IS	0	19	2	8	9
IS	1	0	0	0	0
IS	2	0	0	0	0
IS	3	0	0	0	0
IS	4	0	0	0	0
IS	5	0	0	0	0
IS	6	0	0	0	0
IS	7	0	0	0	0
IS	8	0	0	0	0
IS	9	0	0	0	0
IS	10	0	0	0	0
IS	11	0	0	0	0
IS	12	0	0	0	0
IS	13	0	0	0	0
IS	14	0	0	0	0
IS	15	0	0	0	0
IS	16	0	0	0	0
IS	17	0	0	0	0
IS	18	0	0	0	0
IS	19	0	0	0	0
IS	20	0	0	0	0
IS	21	0	0	0	0
IS	22	0	0	0	0
IS	23	0	0	0	0
IS	24	0	0	0	0
IS	25	0	0	0	0
IS	26	0	0	0	0
IS	27	0	0	0	0
IS	28	0	0	0	0
IS	29	0	0	0	0
IS	30	0	0	0	0
IS	31	0	0	0	0
IS	32	0	0	0	0
IS	33	0	0	0	0
IS	34	0	0	0	0
IS	35	0	0	0	0
IS	36	0	0	0	0
IS	37	0	0	0	0
IS	38	0	0	0	0
IS	39	0	0	0	0
IS	40	0	0	0	0
IS	41	0	0	0	0
IS	42	0	0	0	0
IS	43	0	0	0	0
IS	44	0	0	0	0
IS	45	0	0	0	0
IS	46	0	0	0	0
IS	47	1	1	0	0
IS	48	0	0	0	0
IS	49	0	0	0	0
IS	50	0	0	0	0
IS	51	0	0	0	0
IS	52	0	0	0	0
IS	53	0	0	0	0
IS	54	0	0	0	0
IS	55	0	0	0	0
IS	56	0	0	0	0
IS	57	0	0	0	0
IS	58	0	0	0	0
IS	59	0	0	0	0
IS	60	0	0	0	0
IS	61	0	0	0	0
IS	62	0	0	0	0
IS	63	0	0	0	0
IS	64	0	0	0	0
IS	65	0	0	0	0
IS	66	0	0	0	0
IS	67	0	0	0	0
IS	68	0	0	0	0
IS	69	0	0	0	0
IS	70	0	0	0	0
IS	71	0	0	0	0
IS	72	0	0	0	0
IS	73	0	0	0	0
IS	74	0	0	0	0
IS	75	0	0	0	0
IS	76	0	0	0	0
IS	77	0	0	0	0
IS	78	0	0	0	0
IS	79	0	0	0	0
IS	80	0	0	0	0
IS	81	0	0	0	0
IS	82	0	0	0	0
IS	83	0	0	0	0
IS	84	0	0	0	0
IS	85	0	0	0	0
IS	86	0	0	0	0
IS	87	0	0	0	0
IS	88	1	1	0	0
IS	89	1	1	0	0
IS	90	0	0	0	0
IS	91	0	0	0	0
IS	92	0	0	0	0
IS	93	0	0	0	0
IS	94	0	0	0	0
IS	95	0	0	0	0
IS	96	0	0	0	0
IS	97	0	0	0	0
IS	98	0	0	0	0
IS	99	0	0	0	0
IS	100	0	0	0	0
IS	101	1	0	1	0
IS	102	1	1	0	0
IS	103	1	1	0	0
IS	104	0	0	0	0
IS	105	1	1	0	0
IS	106	0	0	0	0
IS	107	0	0	0	0
IS	108	0	0	0	0
IS	109	1	1	0	0
IS	110	1	1	0	0
IS	111	1	1	0	0
IS	112	0	0	0	0
IS	113	2	2	0	0
IS	114	0	0	0	0
IS	115	1	1	0	0
IS	116	0	0	0	0
IS	117	0	0	0	0
IS	118	1	1	0	0
IS	119	3	2	1	0
IS	120	2	2	0	0
IS	121	0	0	0	0
IS	122	0	0	0	0
IS	123	1	1	0	0
IS	124	2	2	0	0
IS	125	0	0	0	0
IS	126	3	3	0	0
IS	127	1	1	0	0
IS	128	2	2	0	0
IS	129	1	1	0	0
IS	130	0	0	0	0
IS	131	0	0	0	0
IS	132	1	1	0	0
IS	133	1	1	0	0
IS	134	3	3	0	0
IS	135	1	1	0	0
IS	136	3	3	0	0
IS	137	2	2	0	0
IS	138	3	3	0	0
IS	139	0	0	0	0
IS	140	3	3	0	0
IS	141	2	2	0	0
IS	142	2	2	0	0
IS	143	3	3	0	0
IS	144	5	5	0	0
IS	145	4	4	0	0
IS	146	1	1	0	0
IS	147	2	2	0	0
IS	148	3	3	0	0
IS	149	3	3	0	0
IS	150	4	4	0	0
IS	151	2	2	0	0
IS	152	2	2	0	0
IS	153	2	2	0	0
IS	154	6	6	0	0
IS	155	3	3	0	0
IS	156	4	4	0	0
IS	157	4	4	0	0
IS	158	2	2	0	0
IS	159	3	3	0	0
IS	160	1	1	0	0
IS	161	4	4	0	0
IS	162	3	3	0	0
IS	163	4	4	0	0
IS	164	1	1	0	0
IS	165	2	2	0	0
IS	166	3	3	0	0
IS	167	3	3	0	0
IS	168	4	4	0	0
IS	169	3	3	0	0
IS	170	9	9	0	0
IS	171	7	7	0	0
IS	172	7	7	0	0
IS	173	1	1	0	0
IS	174	3	3	0	0
IS	175	6	6	0	0
IS	176	3	3	0	0
IS	177	6	6	0	0
IS	178	6	6	0	0
IS	179	4	4	0	0
IS	180	6	6	0	0
IS	181	5	5	0	0
IS	182	1	1	0	0
IS	183	5	5	0	0
IS	184	7	7	0	0
IS	185	3	3	0	0
IS	186	5	4	0	1
IS	187	5	5	0	0
IS	188	1	1	0	0
IS	189	6	6	0	0
IS	190	6	6	0	0
IS	191	1	1	0	0
IS	192	6	6	0	0
IS	193	1	1	0	0
IS	194	5	5	0	0
IS	195	5	5	0	0
IS	196	2	2	0	0
IS	197	6	6	0	0
IS	198	4	4	0	0
IS	199	4	4	0	0
IS	200	4	4	0	0
IS	201	2	2	0	0
IS	202	4	4	0	0
IS	203	5	5	0	0
IS	204	7	7	0	0
IS	205	5	5	0	0
IS	206	1	1	0	0
IS	207	2	2	0	0
IS	208	3	3	0	0
IS	209	5	5	0	0
IS	210	4	4	0	0
IS	211	3	3	0	0
IS	212	6	6	0	0
IS	213	1	1	0	0
IS	214	1	1	0	0
IS	215	5	5	0	0
IS	216	3	3	0	0
IS	217	3	3	0	0
IS	218	2	2	0	0
IS	219	8	8	0	0
IS	220	3	3	0	0
IS	221	4	4	0	0
IS	222	3	3	0	0
IS	223	1	1	0	0
IS	224	1	1	0	0
IS	225	0	0	0	0
IS	226	5	5	0	0
IS	227	3	3	0	0
IS	228	6	6	0	0
IS	229	3	3	0	0
IS	230	3	3	0	0
IS	231	7	7	0	0
IS	232	4	4	0	0
IS	233	5	5	0	0
IS	234	4	4	0	0
IS	235	5	5	0	0
IS	236	5	5	0	0
IS	237	2	2	0	0
IS	238	3	3	0	0
IS	239	0	0	0	0
IS	240	2	2	0	0
IS	241	1	1	0	0
IS	242	4	4	0	0
IS	243	7	7	0	0
IS	244	3	3	0	0
IS	245	3	3	0	0
IS	246	3	3	0	0
IS	247	5	5	0	0
IS	248	5	5	0	0
IS	249	6	6	0	0
IS	250	3	3	0	0
IS	251	4	4	0	0
IS	252	3	3	0	0
IS	253	3	3	0	0
IS	254	4	4	0	0
IS	255	1	1	0	0
IS	256	3	3	0	0
IS	257	7	7	0	0
IS	258	3	3	0	0
IS	259	4	4	0	0
IS	260	6	6	0	0
IS	261	3	3	0	0
IS	262	2	2	0	0
IS	263	1	1	0	0
IS	264	7	7	0	0
IS	265	4	4	0	0
IS	266	3	3	0	0
IS	267	3	3	0	0
IS	268	1	1	0	0
IS	269	2	2	0	0
IS	270	2	2	0	0
IS	271	3	3	0	0
IS	272	2	2	0	0
IS	273	4	4	0	0
IS	274	3	3	0	0
IS	275	3	3	0	0
IS	276	0	0	0	0
IS	277	1	1	0	0
IS	278	2	2	0	0
IS	279	2	2	0	0
IS	280	1	1	0	0
IS	281	1	1	0	0
IS	282	1	1	0	0
IS	283	1	1	0	0
IS	284	1	1	0	0
IS	285	4	4	0	0
IS	286	3	3	0	0
IS	287	1	1	0	0
IS	288	2	2	0	0
IS	289	3	3	0	0
IS	290	2	2	0	0
IS	291	3	3	0	0
IS	292	2	2	0	0
IS	293	1	1	0	0
IS	294	3	3	0	0
IS	295	3	3	0	0
IS	296	3	3	0	0
IS	297	4	4	0	0
IS	298	1	1	0	0
IS	299	1	1	0	0
IS	300	2	2	0	0
IS	301	3	3	0	0
IS	302	1	1	0	0
IS	303	2	2	0	0
IS	304	4	4	0	0
IS	305	1	1	0	0
IS	306	4	4	0	0
IS	307	4	4	0	0
IS	308	0	0	0	0
IS	309	3	3	0	0
IS	310	1	1	0	0
IS	311	1	1	0	0
IS	312	2	2	0	0
IS	313	1	1	0	0
IS	314	3	3	0	0
IS	315	1	1	0	0
IS	316	1	1	0	0
IS	317	3	3	0	0
IS	318	1	1	0	0
IS	319	1	1	0	0
IS	320	1	1	0	0
IS	321	1	1	0	0
IS	322	0	0	0	0
IS	323	0	0	0	0
IS	324	1	1	0	0
IS	325	1	1	0	0
IS	326	2	2	0	0
IS	327	2	2	0	0
IS	328	2	2	0	0
IS	329	1	1	0	0
IS	330	1	1	0	0
IS	331	2	2	0	0
IS	332	1	1	0	0
IS	333	3	3	0	0
IS	334	2	2	0	0
IS	335	2	2	0	0
IS	336	1	1	0	0
IS	337	1	1	0	0
IS	338	3	3	0	0
IS	339	0	0	0	0
IS	340	1	1	0	0
IS	341	2	2	0	0
IS	342	1	1	0	0
IS	343	2	2	0	0
IS	344	0	0	0	0
IS	345	2	2	0	0
IS	346	2	2	0	0
IS	347	2	2	0	0
IS	348	4	4	0	0
IS	349	0	0	0	0
IS	350	2	2	0	0
IS	351	0	0	0	0
IS	352	1	1	0	0
IS	353	2	2	0	0
IS	354	1	1	0	0
IS	355	1	1	0	0
IS	356	1	1	0	0
IS	357	1	1	0	0
IS	358	1	1	0	0
IS	359	0	0	0	0
IS	360	2	2	0	0
IS	361	2	2	0	0
IS	362	0	0	0	0
IS	363	2	2	0	0
IS	364	0	0	0	0
IS	365	0	0	0	0
IS	366	1	1	0	0
IS	367	1	1	0	0
IS	368	2	2	0	0
IS	369	0	0	0	0
IS	370	0	0	0	0
IS	371	0	0	0	0
IS	372	0	0	0	0
IS	373	0	0	0	0
IS	374	0	0	0	0
IS	375	0	0	0	0
IS	376	0	0	0	0
IS	377	0	0	0	0
IS	378	1	1	0	0
IS	379	1	1	0	0
IS	380	1	1	0	0
IS	381	1	1	0	0
IS	382	2	2	0	0
IS	383	0	0	0	0
IS	384	0	0	0	0
IS	385	1	1	0	0
IS	386	0	0	0	0
IS	387	0	0	0	0
IS	388	1	1	0	0
IS	389	0	0	0	0
IS	390	2	2	0	0
IS	391	0	0	0	0
IS	392	0	0	0	0
IS	393	1	1	0	0
IS	394	0	0	0	0
IS	395	0	0	0	0
IS	396	1	1	0	0
IS	397	0	0	0	0
IS	398	0	0	0	0
IS	399	0	0	0	0
IS	400	1	1	0	0
IS	401	0	0	0	0
IS	402	0	0	0	0
IS	403	0	0	0	0
IS	404	1	1	0	0
IS	405	2	2	0	0
IS	406	2	2	0	0
IS	407	1	1	0	0
IS	408	0	0	0	0
IS	409	1	1	0	0
IS	410	1	1	0	0
IS	411	1	1	0	0
IS	412	0	0	0	0
IS	413	2	2	0	0
IS	414	1	1	0	0
IS	415	0	0	0	0
IS	416	1	1	0	0
IS	417	0	0	0	0
IS	418	0	0	0	0
IS	419	0	0	0	0
IS	420	0	0	0	0
IS	421	0	0	0	0
IS	422	0	0	0	0
IS	423	0	0	0	0
IS	424	1	1	0	0
IS	425	0	0	0	0
IS	426	2	2	0	0
IS	427	2	2	0	0
IS	428	0	0	0	0
IS	429	0	0	0	0
IS	430	2	2	0	0
IS	431	1	1	0	0
IS	432	1	1	0	0
IS	433	2	2	0	0
IS	434	0	0	0	0
IS	435	0	0	0	0
IS	436	1	1	0	0
IS	437	0	0	0	0
IS	438	0	0	0	0
IS	439	1	1	0	0
IS	440	1	1	0	0
IS	441	1	1	0	0
IS	442	1	1	0	0
IS	443	1	1	0	0
IS	444	1	1	0	0
IS	445	1	1	0	0
IS	446	1	1	0	0
IS	447	0	0	0	0
IS	448	2	2	0	0
IS	449	1	1	0	0
IS	450	0	0	0	0
IS	451	0	0	0	0
IS	452	0	0	0	0
IS	453	0	0	0	0
IS	454	0	0	0	0
IS	455	1	1	0	0
IS	456	0	0	0	0
IS	457	0	0	0	0
IS	458	0	0	0	0
IS	459	2	2	0	0
IS	460	0	0	0	0
IS	461	0	0	0	0
IS	462	2	2	0	0
IS	463	0	0	0	0
IS	464	1	1	0	0
IS	465	0	0	0	0
IS	466	0	0	0	0
IS	467	0	0	0	0
IS	468	0	0	0	0
IS	469	0	0	0	0
IS	470	0	0	0	0
IS	471	1	1	0	0
IS	472	1	1	0	0
IS	473	0	0	0	0
IS	474	0	0	0	0
IS	475	1	1	0	0
IS	476	0	0	0	0
IS	477	1	1	0	0
IS	478	0	0	0	0
IS	479	0	0	0	0
IS	480	0	0	0	0
IS	481	0	0	0	0
IS	482	0	0	0	0
IS	483	0	0	0	0
IS	484	0	0	0	0
IS	485	0	0	0	0
IS	486	1	1	0	0
IS	487	0	0	0	0
IS	488	0	0	0	0
IS	489	1	1	0	0
IS	490	0	0	0	0
IS	491	0	0	0	0
IS	492	1	1	0	0
IS	493	1	1	0	0
IS	494	0	0	0	0
IS	495	0	0	0	0
IS	496	1	1	0	0
IS	497	0	0	0	0
IS	498	0	0	0	0
IS	499	0	0	0	0
IS	500	0	0	0	0
IS	501	0	0	0	0
IS	502	1	1	0	0
IS	503	0	0	0	0
IS	504	0	0	0	0
IS	505	1	1	0	0
IS	506	0	0	0	0
IS	507	1	1	0	0
IS	508	1	1	0	0
IS	509	0	0	0	0
IS	510	0	0	0	0
IS	511	1	1	0	0
IS	512	1	1	0	0
IS	513	0	0	0	0
IS	514	0	0	0	0
IS	515	0	0	0	0
IS	516	0	0	0	0
IS	517	1	1	0	0
IS	518	0	0	0	0
IS	519	0	0	0	0
IS	520	0	0	0	0
IS	521	1	1	0	0
IS	522	1	1	0	0
IS	523	1	1	0	0
IS	524	0	0	0	0
IS	525	0	0	0	0
IS	526	0	0	0	0
IS	527	1	1	0	0
IS	528	0	0	0	0
IS	529	2	2	0	0
IS	530	0	0	0	0
IS	531	0	0	0	0
IS	532	0	0	0	0
IS	533	0	0	0	0
IS	534	0	0	0	0
IS	535	0	0	0	0
IS	536	0	0	0	0
IS	537	0	0	0	0
IS	538	0	0	0	0
IS	539	0	0	0	0
IS	540	0	0	0	0
IS	541	0	0	0	0
IS	542	0	0	0	0
IS	543	0	0	0	0
IS	544	0	0	0	0
IS	545	0	0	0	0
IS	546	0	0	0	0
IS	547	0	0	0	0
IS	548	0	0	0	0
IS	549	0	0	0	0
IS	550	0	0	0	0
IS	551	0	0	0	0
IS	552	1	1	0	0
IS	553	0	0	0	0
IS	554	1	1	0	0
IS	555	0	0	0	0
IS	556	1	1	0	0
IS	557	0	0	0	0
IS	558	0	0	0	0
IS	559	0	0	0	0
IS	560	0	0	0	0
IS	561	0	0	0	0
IS	562	0	0	0	0
IS	563	0	0	0	0
IS	564	1	1	0	0
IS	565	0	0	0	0
IS	566	0	0	0	0
IS	567	0	0	0	0
IS	568	2	2	0	0
IS	569	0	0	0	0
IS	570	0	0	0	0
IS	571	0	0	0	0
IS	572	0	0	0	0
IS	573	0	0	0	0
IS	574	0	0	0	0
IS	575	0	0	0	0
IS	576	0	0	0	0
IS	577	0	0	0	0
IS	578	0	0	0	0
IS	579	0	0	0	0
IS	580	0	0	0	0
IS	581	0	0	0	0
IS	582	0	0	0	0
IS	583	1	1	0	0
IS	584	0	0	0	0
IS	585	0	0	0	0
IS	586	0	0	0	0
IS	587	0	0	0	0
IS	588	1	1	0	0
IS	589	0	0	0	0
IS	590	0	0	0	0
IS	591	0	0	0	0
IS	592	1	1	0	0
IS	593	0	0	0	0
IS	594	0	0	0	0
IS	595	0	0	0	0
IS	596	0	0	0	0
IS	597	0	0	0	0
IS	598	0	0	0	0
IS	599	0	0	0	0
IS	600	0	0	0	0
IS	601	0	0	0	0
IS	602	0	0	0	0
IS	603	1	1	0	0
IS	604	0	0	0	0
IS	605	0	0	0	0
IS	606	0	0	0	0
IS	607	0	0	0	0
IS	608	0	0	0	0
IS	609	0	0	0	0
IS	610	0	0	0	0
IS	611	0	0	0	0
IS	612	0	0	0	0
IS	613	0	0	0	0
IS	614	1	1	0	0
IS	615	0	0	0	0
IS	616	1	1	0	0
IS	617	0	0	0	0
IS	618	1	1	0	0
IS	619	0	0	0	0
IS	620	0	0	0	0
IS	621	0	0	0	0
IS	622	0	0	0	0
IS	623	0	0	0	0
IS	624	0	0	0	0
IS	625	1	1	0	0
IS	626	0	0	0	0
IS	627	0	0	0	0
IS	628	0	0	0	0
IS	629	0	0	0	0
IS	630	1	1	0	0
IS	631	0	0	0	0
IS	632	0	0	0	0
IS	633	0	0	0	0
IS	634	0	0	0	0
IS	635	0	0	0	0
IS	636	0	0	0	0
IS	637	0	0	0	0
IS	638	1	1	0	0
IS	639	0	0	0	0
IS	640	0	0	0	0
IS	641	0	0	0	0
IS	642	0	0	0	0
IS	643	0	0	0	0
IS	644	0	0	0	0
IS	645	0	0	0	0
IS	646	0	0	0	0
IS	647	0	0	0	0
IS	648	0	0	0	0
IS	649	1	1	0	0
IS	650	0	0	0	0
IS	651	0	0	0	0
IS	652	0	0	0	0
IS	653	0	0	0	0
IS	654	0	0	0	0
IS	655	0	0	0	0
IS	656	0	0	0	0
IS	657	1	1	0	0
IS	658	0	0	0	0
IS	659	0	0	0	0
IS	660	0	0	0	0
IS	661	0	0	0	0
IS	662	0	0	0	0
IS	663	0	0	0	0
IS	664	0	0	0	0
IS	665	0	0	0	0
IS	666	0	0	0	0
IS	667	1	1	0	0
IS	668	0	0	0	0
IS	669	0	0	0	0
IS	670	0	0	0	0
IS	671	0	0	0	0
IS	672	0	0	0	0
IS	673	0	0	0	0
IS	674	0	0	0	0
IS	675	0	0	0	0
IS	676	1	1	0	0
IS	677	0	0	0	0
IS	678	1	1	0	0
IS	679	0	0	0	0
IS	680	1	1	0	0
IS	681	0	0	0	0
IS	682	1	1	0	0
IS	683	0	0	0	0
IS	684	0	0	0	0
IS	685	1	1	0	0
IS	686	0	0	0	0
IS	687	0	0	0	0
IS	688	0	0	0	0
IS	689	0	0	0	0
IS	690	0	0	0	0
IS	691	1	1	0	0
IS	692	0	0	0	0
IS	693	0	0	0	0
IS	694	0	0	0	0
IS	695	0	0	0	0
IS	696	1	1	0	0
IS	697	0	0	0	0
IS	698	0	0	0	0
IS	699	0	0	0	0
IS	700	1	1	0	0
IS	701	0	0	0	0
IS	702	0	0	0	0
IS	703	0	0	0	0
IS	704	0	0	0	0
IS	705	0	0	0	0
IS	706	0	0	0	0
IS	707	0	0	0	0
IS	708	1	1	0	0
IS	709	0	0	0	0
IS	710	0	0	0	0
IS	711	0	0	0	0
IS	712	0	0	0	0
IS	713	0	0	0	0
IS	714	0	0	0	0
IS	715	0	0	0	0
IS	716	0	0	0	0
IS	717	0	0	0	0
IS	718	0	0	0	0
IS	719	0	0	0	0
IS	720	0	0	0	0
IS	721	0	0	0	0
IS	722	0	0	0	0
IS	723	0	0	0	0
IS	724	0	0	0	0
IS	725	0	0	0	0
IS	726	0	0	0	0
IS	727	0	0	0	0
IS	728	0	0	0	0
IS	729	0	0	0	0
IS	730	0	0	0	0
IS	731	0	0	0	0
IS	732	0	0	0	0
IS	733	0	0	0	0
IS	734	0	0	0	0
IS	735	0	0	0	0
IS	736	0	0	0	0
IS	737	0	0	0	0
IS	738	0	0	0	0
IS	739	0	0	0	0
IS	740	0	0	0	0
IS	741	0	0	0	0
IS	742	1	1	0	0
IS	743	0	0	0	0
IS	744	0	0	0	0
IS	745	0	0	0	0
IS	746	0	0	0	0
IS	747	0	0	0	0
IS	748	0	0	0	0
IS	749	0	0	0	0
IS	750	0	0	0	0
IS	751	0	0	0	0
IS	752	0	0	0	0
IS	753	0	0	0	0
IS	754	0	0	0	0
IS	755	0	0	0	0
IS	756	0	0	0	0
IS	757	0	0	0	0
IS	758	0	0	0	0
IS	759	0	0	0	0
IS	760	0	0	0	0
IS	761	0	0	0	0
IS	762	0	0	0	0
IS	763	0	0	0	0
IS	764	0	0	0	0
IS	765	0	0	0	0
IS	766	1	1	0	0
IS	767	0	0	0	0
IS	768	0	0	0	0
IS	769	0	0	0	0
IS	770	0	0	0	0
IS	771	0	0	0	0
IS	772	0	0	0	0
IS	773	0	0	0	0
IS	774	0	0	0	0
IS	775	1	1	0	0
IS	776	0	0	0	0
IS	777	0	0	0	0
IS	778	0	0	0	0
IS	779	0	0	0	0
IS	780	0	0	0	0
IS	781	0	0	0	0
IS	782	0	0	0	0
IS	783	1	1	0	0
IS	784	0	0	0	0
IS	785	0	0	0	0
IS	786	0	0	0	0
IS	787	0	0	0	0
IS	788	0	0	0	0
IS	789	0	0	0	0
IS	790	0	0	0	0
IS	791	0	0	0	0
IS	792	0	0	0	0
IS	793	0	0	0	0
IS	794	0	0	0	0
IS	795	0	0	0	0
IS	796	0	0	0	0
IS	797	0	0	0	0
IS	798	0	0	0	0
IS	799	0	0	0	0
IS	800	0	0	0	0
IS	801	0	0	0	0
IS	802	0	0	0	0
IS	803	0	0	0	0
IS	804	0	0	0	0
IS	805	0	0	0	0
IS	806	0	0	0	0
IS	807	0	0	0	0
IS	808	0	0	0	0
IS	809	0	0	0	0
IS	810	0	0	0	0
IS	811	0	0	0	0
IS	812	0	0	0	0
IS	813	0	0	0	0
IS	814	0	0	0	0
IS	815	0	0	0	0
IS	816	1	1	0	0
IS	817	0	0	0	0
IS	818	0	0	0	0
IS	819	0	0	0	0
IS	820	0	0	0	0
IS	821	0	0	0	0
IS	822	0	0	0	0
IS	823	0	0	0	0
IS	824	0	0	0	0
IS	825	0	0	0	0
IS	826	0	0	0	0
IS	827	0	0	0	0
IS	828	0	0	0	0
IS	829	0	0	0	0
IS	830	0	0	0	0
IS	831	0	0	0	0
IS	832	0	0	0	0
IS	833	0	0	0	0
IS	834	1	1	0	0
IS	835	0	0	0	0
IS	836	0	0	0	0
IS	837	0	0	0	0
IS	838	0	0	0	0
IS	839	0	0	0	0
IS	840	0	0	0	0
IS	841	0	0	0	0
IS	842	0	0	0	0
IS	843	0	0	0	0
IS	844	0	0	0	0
IS	845	0	0	0	0
IS	846	0	0	0	0
IS	847	0	0	0	0
IS	848	0	0	0	0
IS	849	0	0	0	0
IS	850	0	0	0	0
IS	851	0	0	0	0
IS	852	0	0	0	0
IS	853	0	0	0	0
IS	854	0	0	0	0
IS	855	0	0	0	0
IS	856	0	0	0	0
IS	857	0	0	0	0
IS	858	0	0	0	0
IS	859	0	0	0	0
IS	860	0	0	0	0
IS	861	0	0	0	0
IS	862	0	0	0	0
IS	863	0	0	0	0
IS	864	0	0	0	0
IS	865	0	0	0	0
IS	866	1	1	0	0
IS	867	0	0	0	0
IS	868	0	0	0	0
IS	869	0	0	0	0
IS	870	0	0	0	0
IS	871	0	0	0	0
IS	872	0	0	0	0
IS	873	0	0	0	0
IS	874	0	0	0	0
IS	875	0	0	0	0
IS	876	0	0	0	0
IS	877	0	0	0	0
IS	878	0	0	0	0
IS	879	0	0	0	0
IS	880	0	0	0	0
IS	881	0	0	0	0
IS	882	0	0	0	0
IS	883	0	0	0	0
IS	884	0	0	0	0
IS	885	0	0	0	0
IS	886	0	0	0	0
IS	887	0	0	0	0
IS	888	1	1	0	0
IS	889	0	0	0	0
IS	890	0	0	0	0
IS	891	0	0	0	0
IS	892	0	0	0	0
IS	893	0	0	0	0
IS	894	0	0	0	0
IS	895	0	0	0	0
IS	896	0	0	0	0
IS	897	0	0	0	0
IS	898	0	0	0	0
IS	899	0	0	0	0
IS	900	0	0	0	0
IS	901	1	1	0	0
IS	902	0	0	0	0
IS	903	0	0	0	0
IS	904	0	0	0	0
IS	905	0	0	0	0
IS	906	0	0	0	0
IS	907	0	0	0	0
IS	908	1	1	0	0
IS	909	0	0	0	0
IS	910	0	0	0	0
IS	911	0	0	0	0
IS	912	0	0	0	0
IS	913	0	0	0	0
IS	914	0	0	0	0
IS	915	0	0	0	0
IS	916	0	0	0	0
IS	917	1	1	0	0
IS	918	0	0	0	0
IS	919	0	0	0	0
IS	920	0	0	0	0
IS	921	0	0	0	0
IS	922	0	0	0	0
IS	923	0	0	0	0
IS	924	0	0	0	0
IS	925	0	0	0	0
IS	926	0	0	0	0
IS	927	0	0	0	0
IS	928	0	0	0	0
IS	929	0	0	0	0
IS	930	0	0	0	0
IS	931	0	0	0	0
IS	932	0	0	0	0
IS	933	0	0	0	0
IS	934	0	0	0	0
IS	935	1	1	0	0
IS	936	0	0	0	0
IS	937	0	0	0	0
IS	938	0	0	0	0
IS	939	0	0	0	0
IS	940	0	0	0	0
IS	941	0	0	0	0
IS	942	0	0	0	0
IS	943	0	0	0	0
IS	944	1	1	0	0
IS	945	0	0	0	0
IS	946	0	0	0	0
IS	947	0	0	0	0
IS	948	0	0	0	0
IS	949	0	0	0	0
IS	950	0	0	0	0
IS	951	0	0	0	0
IS	952	0	0	0	0
IS	953	0	0	0	0
IS	954	0	0	0	0
IS	955	0	0	0	0
IS	956	0	0	0	0
IS	957	0	0	0	0
IS	958	0	0	0	0
IS	959	0	0	0	0
IS	960	0	0	0	0
IS	961	0	0	0	0
IS	962	1	1	0	0
IS	963	0	0	0	0
IS	964	0	0	0	0
IS	965	0	0	0	0
IS	966	0	0	0	0
IS	967	1	1	0	0
IS	968	0	0	0	0
IS	969	0	0	0	0
IS	970	0	0	0	0
IS	971	0	0	0	0
IS	972	0	0	0	0
IS	973	0	0	0	0
IS	974	0	0	0	0
IS	975	0	0	0	0
IS	976	0	0	0	0
IS	977	0	0	0	0
IS	978	0	0	0	0
IS	979	0	0	0	0
IS	980	0	0	0	0
IS	981	0	0	0	0
IS	982	0	0	0	0
IS	983	0	0	0	0
IS	984	0	0	0	0
IS	985	0	0	0	0
IS	986	0	0	0	0
IS	987	0	0	0	0
IS	988	0	0	0	0
IS	989	0	0	0	0
IS	990	0	0	0	0
IS	991	0	0	0	0
IS	992	0	0	0	0
IS	993	0	0	0	0
IS	994	0	0	0	0
IS	995	0	0	0	0
IS	996	0	0	0	0
IS	997	0	0	0	0
IS	998	0	0	0	0
IS	999	1	1	0	0
IS	1000	0	0	0	0
IS	1001	0	0	0	0
IS	1002	0	0	0	0
IS	1003	1	1	0	0
IS	1004	0	0	0	0
IS	1005	0	0	0	0
IS	1006	0	0	0	0
IS	1007	0	0	0	0
IS	1008	0	0	0	0
IS	1009	0	0	0	0
IS	1010	0	0	0	0
IS	1011	0	0	0	0
IS	1012	0	0	0	0
IS	1013	0	0	0	0
IS	1014	0	0	0	0
IS	1015	1	1	0	0
IS	1016	0	0	0	0
IS	1017	0	0	0	0
IS	1018	0	0	0	0
IS	1019	0	0	0	0
IS	1020	0	0	0	0
IS	1021	0	0	0	0
IS	1022	0	0	0	0
IS	1023	0	0	0	0
IS	1024	0	0	0	0
IS	1025	0	0	0	0
IS	1026	0	0	0	0
IS	1027	0	0	0	0
IS	1028	0	0	0	0
IS	1029	0	0	0	0
IS	1030	0	0	0	0
IS	1031	0	0	0	0
IS	1032	0	0	0	0
IS	1033	0	0	0	0
IS	1034	0	0	0	0
IS	1035	0	0	0	0
IS	1036	0	0	0	0
IS	1037	0	0	0	0
IS	1038	0	0	0	0
IS	1039	0	0	0	0
IS	1040	0	0	0	0
IS	1041	0	0	0	0
IS	1042	0	0	0	0
IS	1043	0	0	0	0
IS	1044	0	0	0	0
IS	1045	0	0	0	0
IS	1046	0	0	0	0
IS	1047	0	0	0	0
IS	1048	0	0	0	0
IS	1049	0	0	0	0
IS	1050	0	0	0	0
IS	1051	0	0	0	0
IS	1052	0	0	0	0
IS	1053	0	0	0	0
IS	1054	0	0	0	0
IS	1055	0	0	0	0
IS	1056	1	1	0	0
IS	1057	0	0	0	0
IS	1058	0	0	0	0
IS	1059	0	0	0	0
IS	1060	0	0	0	0
IS	1061	0	0	0	0
IS	1062	0	0	0	0
IS	1063	0	0	0	0
IS	1064	0	0	0	0
IS	1065	0	0	0	0
IS	1066	0	0	0	0
IS	1067	0	0	0	0
IS	1068	0	0	0	0
IS	1069	0	0	0	0
IS	1070	0	0	0	0
IS	1071	0	0	0	0
IS	1072	0	0	0	0
IS	1073	0	0	0	0
IS	1074	0	0	0	0
IS	1075	0	0	0	0
IS	1076	0	0	0	0
IS	1077	0	0	0	0
IS	1078	0	0	0	0
IS	1079	0	0	0	0
IS	1080	0	0	0	0
IS	1081	0	0	0	0
IS	1082	0	0	0	0
IS	1083	1	1	0	0
IS	1084	0	0	0	0
IS	1085	0	0	0	0
IS	1086	0	0	0	0
IS	1087	0	0	0	0
IS	1088	0	0	0	0
IS	1089	1	1	0	0
IS	1090	0	0	0	0
IS	1091	0	0	0	0
IS	1092	0	0	0	0
IS	1093	0	0	0	0
IS	1094	0	0	0	0
IS	1095	0	0	0	0
IS	1096	0	0	0	0
IS	1097	0	0	0	0
IS	1098	0	0	0	0
IS	1099	0	0	0	0
IS	1100	1	1	0	0
IS	1101	0	0	0	0
IS	1102	0	0	0	0
IS	1103	0	0	0	0
IS	1104	0	0	0	0
IS	1105	0	0	0	0
IS	1106	0	0	0	0
IS	1107	1	1	0	0
IS	1108	0	0	0	0
IS	1109	0	0	0	0
IS	1110	0	0	0	0
IS	1111	0	0	0	0
IS	1112	0	0	0	0
IS	1113	0	0	0	0
IS	1114	0	0	0	0
IS	1115	0	0	0	0
IS	1116	0	0	0	0
IS	1117	0	0	0	0
IS	1118	0	0	0	0
IS	1119	0	0	0	0
IS	1120	0	0	0	0
IS	1121	0	0	0	0
IS	1122	0	0	0	0
IS	1123	0	0	0	0
IS	1124	0	0	0	0
IS	1125	0	0	0	0
IS	1126	0	0	0	0
IS	1127	0	0	0	0
IS	1128	0	0	0	0
IS	1129	0	0	0	0
IS	1130	0	0	0	0
IS	1131	0	0	0	0
IS	1132	0	0	0	0
IS	1133	0	0	0	0
IS	1134	0	0	0	0
IS	1135	0	0	0	0
IS	1136	0	0	0	0
IS	1137	0	0	0	0
IS	1138	0	0	0	0
IS	1139	1	1	0	0
IS	1140	0	0	0	0
IS	1141	0	0	0	0
IS	1142	0	0	0	0
IS	1143	0	0	0	0
IS	1144	0	0	0	0
IS	1145	0	0	0	0
IS	1146	0	0	0	0
IS	1147	0	0	0	0
IS	1148	0	0	0	0
IS	1149	0	0	0	0
IS	1150	0	0	0	0
IS	1151	0	0	0	0
IS	1152	0	0	0	0
IS	1153	0	0	0	0
IS	1154	0	0	0	0
IS	1155	0	0	0	0
IS	1156	0	0	0	0
IS	1157	0	0	0	0
IS	1158	0	0	0	0
IS	1159	0	0	0	0
IS	1160	0	0	0	0
IS	1161	0	0	0	0
IS	1162	0	0	0	0
IS	1163	0	0	0	0
IS	1164	0	0	0	0
IS	1165	0	0	0	0
IS	1166	0	0	0	0
IS	1167	1	1	0	0
IS	1168	0	0	0	0
IS	1169	0	0	0	0
IS	1170	0	0	0	0
IS	1171	0	0	0	0
IS	1172	0	0	0	0
IS	1173	0	0	0	0
IS	1174	0	0	0	0
IS	1175	0	0	0	0
IS	1176	0	0	0	0
IS	1177	0	0	0	0
IS	1178	0	0	0	0
IS	1179	0	0	0	0
IS	1180	0	0	0	0
IS	1181	0	0	0	0
IS	1182	0	0	0	0
IS	1183	0	0	0	0
IS	1184	0	0	0	0
IS	1185	0	0	0	0
IS	1186	0	0	0	0
IS	1187	0	0	0	0
IS	1188	0	0	0	0
IS	1189	0	0	0	0
IS	1190	0	0	0	0
IS	1191	0	0	0	0
IS	1192	0	0	0	0
IS	1193	0	0	0	0
IS	1194	0	0	0	0
IS	1195	0	0	0	0
IS	1196	0	0	0	0
IS	1197	0	0	0	0
IS	1198	0	0	0	0
IS	1199	0	0	0	0
IS	1200	0	0	0	0
IS	1201	0	0	0	0
IS	1202	0	0	0	0
IS	1203	0	0	0	0
IS	1204	0	0	0	0
IS	1205	0	0	0	0
IS	1206	0	0	0	0
IS	1207	0	0	0	0
IS	1208	0	0	0	0
IS	1209	0	0	0	0
IS	1210	0	0	0	0
IS	1211	0	0	0	0
IS	1212	0	0	0	0
IS	1213	0	0	0	0
IS	1214	0	0	0	0
IS	1215	0	0	0	0
IS	1216	0	0	0	0
IS	1217	0	0	0	0
IS	1218	0	0	0	0
IS	1219	0	0	0	0
IS	1220	0	0	0	0
IS	1221	0	0	0	0
IS	1222	0	0	0	0
IS	1223	0	0	0	0
IS	1224	1	1	0	0
IS	1225	0	0	0	0
IS	1226	0	0	0	0
IS	1227	0	0	0	0
IS	1228	0	0	0	0
IS	1229	0	0	0	0
IS	1230	0	0	0	0
IS	1231	0	0	0	0
IS	1232	0	0	0	0
IS	1233	0	0	0	0
IS	1234	0	0	0	0
IS	1235	1	1	0	0
IS	1236	0	0	0	0
IS	1237	0	0	0	0
IS	1238	0	0	0	0
IS	1239	0	0	0	0
IS	1240	0	0	0	0
IS	1241	0	0	0	0
IS	1242	0	0	0	0
IS	1243	0	0	0	0
IS	1244	0	0	0	0
IS	1245	0	0	0	0
IS	1246	0	0	0	0
IS	1247	0	0	0	0
IS	1248	0	0	0	0
IS	1249	0	0	0	0
IS	1250	0	0	0	0
IS	1251	0	0	0	0
IS	1252	0	0	0	0
IS	1253	0	0	0	0
IS	1254	0	0	0	0
IS	1255	0	0	0	0
IS	1256	0	0	0	0
IS	1257	0	0	0	0
IS	1258	0	0	0	0
IS	1259	0	0	0	0
IS	1260	0	0	0	0
IS	1261	0	0	0	0
IS	1262	0	0	0	0
IS	1263	1	1	0	0
IS	1264	0	0	0	0
IS	1265	0	0	0	0
IS	1266	0	0	0	0
IS	1267	0	0	0	0
IS	1268	0	0	0	0
IS	1269	0	0	0	0
IS	1270	0	0	0	0
IS	1271	1	1	0	0
IS	1272	0	0	0	0
IS	1273	0	0	0	0
IS	1274	0	0	0	0
IS	1275	0	0	0	0
IS	1276	1	1	0	0
IS	1277	0	0	0	0
IS	1278	0	0	0	0
IS	1279	0	0	0	0
IS	1280	0	0	0	0
IS	1281	0	0	0	0
IS	1282	0	0	0	0
IS	1283	0	0	0	0
IS	1284	1	1	0	0
IS	1285	0	0	0	0
IS	1286	0	0	0	0
IS	1287	0	0	0	0
IS	1288	0	0	0	0
IS	1289	0	0	0	0
IS	1290	0	0	0	0
IS	1291	0	0	0	0
IS	1292	0	0	0	0
IS	1293	0	0	0	0
IS	1294	0	0	0	0
IS	1295	0	0	0	0
IS	1296	0	0	0	0
IS	1297	0	0	0	0
IS	1298	0	0	0	0
IS	1299	0	0	0	0
IS	1300	0	0	0	0
IS	1301	0	0	0	0
IS	1302	0	0	0	0
IS	1303	0	0	0	0
IS	1304	0	0	0	0
IS	1305	0	0	0	0
IS	1306	0	0	0	0
IS	1307	0	0	0	0
IS	1308	0	0	0	0
IS	1309	0	0	0	0
IS	1310	1	1	0	0
IS	1311	0	0	0	0
IS	1312	0	0	0	0
IS	1313	0	0	0	0
IS	1314	0	0	0	0
IS	1315	0	0	0	0
IS	1316	0	0	0	0
IS	1317	0	0	0	0
IS	1318	0	0	0	0
IS	1319	0	0	0	0
IS	1320	0	0	0	0
IS	1321	0	0	0	0
IS	1322	0	0	0	0
IS	1323	0	0	0	0
IS	1324	0	0	0	0
IS	1325	0	0	0	0
IS	1326	0	0	0	0
IS	1327	0	0	0	0
IS	1328	0	0	0	0
IS	1329	0	0	0	0
IS	1330	0	0	0	0
IS	1331	0	0	0	0
IS	1332	0	0	0	0
IS	1333	0	0	0	0
IS	1334	0	0	0	0
IS	1335	0	0	0	0
IS	1336	0	0	0	0
IS	1337	0	0	0	0
IS	1338	1	1	0	0
IS	1339	0	0	0	0
IS	1340	0	0	0	0
IS	1341	0	0	0	0
IS	1342	1	1	0	0
IS	1343	0	0	0	0
IS	1344	0	0	0	0
IS	1345	0	0	0	0
IS	1346	0	0	0	0
IS	1347	0	0	0	0
IS	1348	0	0	0	0
IS	1349	0	0	0	0
IS	1350	0	0	0	0
IS	1351	0	0	0	0
IS	1352	1	1	0	0
IS	1353	0	0	0	0
IS	1354	0	0	0	0
IS	1355	0	0	0	0
IS	1356	0	0	0	0
IS	1357	0	0	0	0
IS	1358	0	0	0	0
IS	1359	1	1	0	0
IS	1360	0	0	0	0
IS	1361	0	0	0	0
IS	1362	0	0	0	0
IS	1363	0	0	0	0
IS	1364	0	0	0	0
IS	1365	0	0	0	0
IS	1366	0	0	0	0
IS	1367	0	0	0	0
IS	1368	0	0	0	0
IS	1369	0	0	0	0
IS	1370	0	0	0	0
IS	1371	0	0	0	0
IS	1372	0	0	0	0
IS	1373	0	0	0	0
IS	1374	0	0	0	0
IS	1375	1	1	0	0
IS	1376	0	0	0	0
IS	1377	0	0	0	0
IS	1378	0	0	0	0
IS	1379	0	0	0	0
IS	1380	0	0	0	0
IS	1381	0	0	0	0
IS	1382	0	0	0	0
IS	1383	0	0	0	0
IS	1384	0	0	0	0
IS	1385	0	0	0	0
IS	1386	0	0	0	0
IS	1387	0	0	0	0
IS	1388	0	0	0	0
IS	1389	0	0	0	0
IS	1390	0	0	0	0
IS	1391	0	0	0	0
IS	1392	0	0	0	0
IS	1393	0	0	0	0
IS	1394	0	0	0	0
IS	1395	0	0	0	0
IS	1396	0	0	0	0
IS	1397	0	0	0	0
IS	1398	0	0	0	0
IS	1399	0	0	0	0
IS	1400	0	0	0	0
IS	1401	0	0	0	0
IS	1402	0	0	0	0
IS	1403	0	0	0	0
IS	1404	0	0	0	0
IS	1405	0	0	0	0
IS	1406	0	0	0	0
IS	1407	0	0	0	0
IS	1408	0	0	0	0
IS	1409	0	0	0	0
IS	1410	0	0	0	0
IS	1411	0	0	0	0
IS	1412	0	0	0	0
IS	1413	0	0	0	0
IS	1414	0	0	0	0
IS	1415	0	0	0	0
IS	1416	0	0	0	0
IS	1417	0	0	0	0
IS	1418	0	0	0	0
IS	1419	0	0	0	0
IS	1420	0	0	0	0
IS	1421	0	0	0	0
IS	1422	0	0	0	0
IS	1423	0	0	0	0
IS	1424	0	0	0	0
IS	1425	0	0	0	0
IS	1426	0	0	0	0
IS	1427	0	0	0	0
IS	1428	0	0	0	0
IS	1429	0	0	0	0
IS	1430	1	1	0	0
IS	1431	1	1	0	0
IS	1432	0	0	0	0
IS	1433	0	0	0	0
IS	1434	0	0	0	0
IS	1435	0	0	0	0
IS	1436	0	0	0	0
IS	1437	1	1	0	0
IS	1438	0	0	0	0
IS	1439	0	0	0	0
IS	1440	0	0	0	0
IS	1441	0	0	0	0
IS	1442	0	0	0	0
IS	1443	0	0	0	0
IS	1444	0	0	0	0
IS	1445	0	0	0	0
IS	1446	0	0	0	0
IS	1447	0	0	0	0
IS	1448	0	0	0	0
IS	1449	0	0	0	0
IS	1450	0	0	0	0
IS	1451	0	0	0	0
IS	1452	0	0	0	0
IS	1453	0	0	0	0
IS	1454	0	0	0	0
IS	1455	0	0	0	0
IS	1456	0	0	0	0
IS	1457	0	0	0	0
IS	1458	0	0	0	0
IS	1459	0	0	0	0
IS	1460	0	0	0	0
IS	1461	0	0	0	0
IS	1462	0	0	0	0
IS	1463	0	0	0	0
IS	1464	0	0	0	0
IS	1465	0	0	0	0
IS	1466	0	0	0	0
IS	1467	1	1	0	0
IS	1468	0	0	0	0
IS	1469	0	0	0	0
IS	1470	0	0	0	0
IS	1471	0	0	0	0
IS	1472	0	0	0	0
IS	1473	0	0	0	0
IS	1474	0	0	0	0
IS	1475	0	0	0	0
IS	1476	0	0	0	0
IS	1477	0	0	0	0
IS	1478	0	0	0	0
IS	1479	0	0	0	0
IS	1480	0	0	0	0
IS	1481	0	0	0	0
IS	1482	0	0	0	0
IS	1483	0	0	0	0
IS	1484	0	0	0	0
IS	1485	0	0	0	0
IS	1486	0	0	0	0
IS	1487	1	1	0	0
IS	1488	0	0	0	0
IS	1489	0	0	0	0
IS	1490	0	0	0	0
IS	1491	0	0	0	0
IS	1492	0	0	0	0
IS	1493	0	0	0	0
IS	1494	0	0	0	0
IS	1495	0	0	0	0
IS	1496	0	0	0	0
IS	1497	0	0	0	0
IS	1498	0	0	0	0
IS	1499	0	0	0	0
IS	1500	0	0	0	0
IS	1501	0	0	0	0
IS	1502	0	0	0	0
IS	1503	0	0	0	0
IS	1504	0	0	0	0
IS	1505	0	0	0	0
IS	1506	0	0	0	0
IS	1507	0	0	0	0
IS	1508	0	0	0	0
IS	1509	0	0	0	0
IS	1510	0	0	0	0
IS	1511	0	0	0	0
IS	1512	0	0	0	0
IS	1513	0	0	0	0
IS	1514	0	0	0	0
IS	1515	0	0	0	0
IS	1516	0	0	0	0
IS	1517	0	0	0	0
IS	1518	0	0	0	0
IS	1519	0	0	0	0
IS	1520	0	0	0	0
IS	1521	0	0	0	0
IS	1522	0	0	0	0
IS	1523	0	0	0	0
IS	1524	0	0	0	0
IS	1525	0	0	0	0
IS	1526	0	0	0	0
IS	1527	0	0	0	0
IS	1528	0	0	0	0
IS	1529	0	0	0	0
IS	1530	0	0	0	0
IS	1531	0	0	0	0
IS	1532	0	0	0	0
IS	1533	0	0	0	0
IS	1534	0	0	0	0
IS	1535	0	0	0	0
IS	1536	0	0	0	0
IS	1537	0	0	0	0
IS	1538	0	0	0	0
IS	1539	0	0	0	0
IS	1540	0	0	0	0
IS	1541	0	0	0	0
IS	1542	0	0	0	0
IS	1543	0	0	0	0
IS	1544	0	0	0	0
IS	1545	0	0	0	0
IS	1546	0	0	0	0
IS	1547	0	0	0	0
IS	1548	0	0	0	0
IS	1549	0	0	0	0
IS	1550	0	0	0	0
IS	1551	0	0	0	0
IS	1552	0	0	0	0
IS	1553	0	0	0	0
IS	1554	0	0	0	0
IS	1555	0	0	0	0
IS	1556	0	0	0	0
IS	1557	0	0	0	0
IS	1558	0	0	0	0
IS	1559	0	0	0	0
IS	1560	0	0	0	0
IS	1561	0	0	0	0
IS	1562	0	0	0	0
IS	1563	0	0	0	0
IS	1564	0	0	0	0
IS	1565	0	0	0	0
IS	1566	0	0	0	0
IS	1567	2	2	0	0
IS	1568	0	0	0	0
IS	1569	1	1	0	0
IS	1570	0	0	0	0
IS	1571	2	2	0	0
IS	1572	0	0	0	0
IS	1573	0	0	0	0
IS	1574	0	0	0	0
IS	1575	0	0	0	0
IS	1576	0	0	0	0
IS	1577	0	0	0	0
IS	1578	1	1	0	0
IS	1579	0	0	0	0
IS	1580	0	0	0	0
IS	1581	0	0	0	0
IS	1582	0	0	0	0
IS	1583	0	0	0	0
IS	1584	1	1	0	0
IS	1585	0	0	0	0
IS	1586	1	1	0	0
IS	1587	0	0	0	0
IS	1588	0	0	0	0
IS	1589	0	0	0	0
IS	1590	0	0	0	0
IS	1591	2	2	0	0
IS	1592	1	1	0	0
IS	1593	0	0	0	0
IS	1594	1	1	0	0
IS	1595	0	0	0	0
IS	1596	0	0	0	0
IS	1597	0	0	0	0
IS	1598	0	0	0	0
IS	1599	0	0	0	0
IS	1600	0	0	0	0
IS	1601	0	0	0	0
IS	1602	0	0	0	0
IS	1603	0	0	0	0
IS	1604	0	0	0	0
IS	1605	0	0	0	0
IS	1606	0	0	0	0
IS	1607	0	0	0	0
IS	1608	0	0	0	0
IS	1609	0	0	0	0
IS	1610	0	0	0	0
IS	1611	0	0	0	0
IS	1612	0	0	0	0
IS	1613	0	0	0	0
IS	1614	0	0	0	0
IS	1615	0	0	0	0
IS	1616	0	0	0	0
IS	1617	0	0	0	0
IS	1618	0	0	0	0
IS	1619	0	0	0	0
IS	1620	0	0	0	0
IS	1621	0	0	0	0
IS	1622	0	0	0	0
IS	1623	0	0	0	0
IS	1624	0	0	0	0
IS	1625	0	0	0	0
IS	1626	0	0	0	0
IS	1627	0	0	0	0
IS	1628	0	0	0	0
IS	1629	0	0	0	0
IS	1630	0	0	0	0
IS	1631	0	0	0	0
IS	1632	1	1	0	0
IS	1633	0	0	0	0
IS	1634	0	0	0	0
IS	1635	0	0	0	0
IS	1636	0	0	0	0
IS	1637	0	0	0	0
IS	1638	0	0	0	0
IS	1639	0	0	0	0
IS	1640	0	0	0	0
IS	1641	0	0	0	0
IS	1642	0	0	0	0
IS	1643	1	1	0	0
IS	1644	0	0	0	0
IS	1645	0	0	0	0
IS	1646	0	0	0	0
IS	1647	1	1	0	0
IS	1648	0	0	0	0
IS	1649	0	0	0	0
IS	1650	0	0	0	0
IS	1651	0	0	0	0
IS	1652	0	0	0	0
IS	1653	0	0	0	0
IS	1654	0	0	0	0
IS	1655	0	0	0	0
IS	1656	0	0	0	0
IS	1657	0	0	0	0
IS	1658	0	0	0	0
IS	1659	0	0	0	0
IS	1660	0	0	0	0
IS	1661	0	0	0	0
IS	1662	0	0	0	0
IS	1663	0	0	0	0
IS	1664	0	0	0	0
IS	1665	0	0	0	0
IS	1666	0	0	0	0
IS	1667	0	0	0	0
IS	1668	1	1	0	0
IS	1669	0	0	0	0
IS	1670	1	1	0	0
IS	1671	0	0	0	0
IS	1672	0	0	0	0
IS	1673	0	0	0	0
IS	1674	0	0	0	0
IS	1675	0	0	0	0
IS	1676	0	0	0	0
IS	1677	0	0	0	0
IS	1678	0	0	0	0
IS	1679	0	0	0	0
IS	1680	0	0	0	0
IS	1681	0	0	0	0
IS	1682	0	0	0	0
IS	1683	0	0	0	0
IS	1684	1	1	0	0
IS	1685	0	0	0	0
IS	1686	1	1	0	0
IS	1687	0	0	0	0
IS	1688	0	0	0	0
IS	1689	0	0	0	0
IS	1690	0	0	0	0
IS	1691	0	0	0	0
IS	1692	0	0	0	0
IS	1693	0	0	0	0
IS	1694	0	0	0	0
IS	1695	0	0	0	0
IS	1696	0	0	0	0
IS	1697	0	0	0	0
IS	1698	0	0	0	0
IS	1699	0	0	0	0
IS	1700	0	0	0	0
IS	1701	0	0	0	0
IS	1702	0	0	0	0
IS	1703	0	0	0	0
IS	1704	0	0	0	0
IS	1705	0	0	0	0
IS	1706	0	0	0	0
IS	1707	1	1	0	0
IS	1708	0	0	0	0
IS	1709	0	0	0	0
IS	1710	0	0	0	0
IS	1711	0	0	0	0
IS	1712	0	0	0	0
IS	1713	0	0	0	0
IS	1714	0	0	0	0
IS	1715	0	0	0	0
IS	1716	0	0	0	0
IS	1717	0	0	0	0
IS	1718	0	0	0	0
IS	1719	0	0	0	0
IS	1720	0	0	0	0
IS	1721	0	0	0	0
IS	1722	0	0	0	0
IS	1723	0	0	0	0
IS	1724	0	0	0	0
IS	1725	0	0	0	0
IS	1726	0	0	0	0
IS	1727	0	0	0	0
IS	1728	0	0	0	0
IS	1729	1	1	0	0
IS	1730	0	0	0	0
IS	1731	0	0	0	0
IS	1732	0	0	0	0
IS	1733	0	0	0	0
IS	1734	0	0	0	0
IS	1735	0	0	0	0
IS	1736	0	0	0	0
IS	1737	0	0	0	0
IS	1738	1	1	0	0
IS	1739	0	0	0	0
IS	1740	0	0	0	0
IS	1741	0	0	0	0
IS	1742	0	0	0	0
IS	1743	0	0	0	0
IS	1744	0	0	0	0
IS	1745	0	0	0	0
IS	1746	0	0	0	0
IS	1747	0	0	0	0
IS	1748	0	0	0	0
IS	1749	0	0	0	0
IS	1750	0	0	0	0
IS	1751	0	0	0	0
IS	1752	0	0	0	0
IS	1753	0	0	0	0
IS	1754	1	1	0	0
IS	1755	0	0	0	0
IS	1756	0	0	0	0
IS	1757	0	0	0	0
IS	1758	0	0	0	0
IS	1759	0	0	0	0
IS	1760	0	0	0	0
IS	1761	0	0	0	0
IS	1762	0	0	0	0
IS	1763	0	0	0	0
IS	1764	0	0	0	0
IS	1765	0	0	0	0
IS	1766	0	0	0	0
IS	1767	0	0	0	0
IS	1768	0	0	0	0
IS	1769	0	0	0	0
IS	1770	0	0	0	0
IS	1771	0	0	0	0
IS	1772	0	0	0	0
IS	1773	0	0	0	0
IS	1774	0	0	0	0
IS	1775	0	0	0	0
IS	1776	0	0	0	0
IS	1777	0	0	0	0
IS	1778	0	0	0	0
IS	1779	0	0	0	0
IS	1780	0	0	0	0
IS	1781	0	0	0	0
IS	1782	0	0	0	0
IS	1783	0	0	0	0
IS	1784	0	0	0	0
IS	1785	0	0	0	0
IS	1786	0	0	0	0
IS	1787	0	0	0	0
IS	1788	0	0	0	0
IS	1789	0	0	0	0
IS	1790	0	0	0	0
IS	1791	0	0	0	0
IS	1792	0	0	0	0
IS	1793	0	0	0	0
IS	1794	0	0	0	0
IS	1795	0	0	0	0
IS	1796	0	0	0	0
IS	1797	0	0	0	0
IS	1798	0	0	0	0
IS	1799	0	0	0	0
IS	1800	0	0	0	0
IS	1801	0	0	0	0
IS	1802	1	1	0	0
IS	1803	0	0	0	0
IS	1804	0	0	0	0
IS	1805	0	0	0	0
IS	1806	0	0	0	0
IS	1807	0	0	0	0
IS	1808	0	0	0	0
IS	1809	0	0	0	0
IS	1810	0	0	0	0
IS	1811	0	0	0	0
IS	1812	0	0	0	0
IS	1813	0	0	0	0
IS	1814	0	0	0	0
IS	1815	0	0	0	0
IS	1816	0	0	0	0
IS	1817	0	0	0	0
IS	1818	0	0	0	0
IS	1819	0	0	0	0
IS	1820	0	0	0	0
IS	1821	0	0	0	0
IS	1822	0	0	0	0
IS	1823	0	0	0	0
IS	1824	0	0	0	0
IS	1825	0	0	0	0
IS	1826	0	0	0	0
IS	1827	0	0	0	0
IS	1828	0	0	0	0
IS	1829	0	0	0	0
IS	1830	0	0	0	0
IS	1831	0	0	0	0
IS	1832	0	0	0	0
IS	1833	0	0	0	0
IS	1834	0	0	0	0
IS	1835	0	0	0	0
IS	1836	0	0	0	0
IS	1837	0	0	0	0
IS	1838	0	0	0	0
IS	1839	0	0	0	0
IS	1840	1	1	0	0
IS	1841	0	0	0	0
IS	1842	0	0	0	0
IS	1843	0	0	0	0
IS	1844	0	0	0	0
IS	1845	0	0	0	0
IS	1846	0	0	0	0
IS	1847	0	0	0	0
IS	1848	0	0	0	0
IS	1849	1	1	0	0
IS	1850	0	0	0	0
IS	1851	0	0	0	0
IS	1852	0	0	0	0
IS	1853	0	0	0	0
IS	1854	0	0	0	0
IS	1855	0	0	0	0
IS	1856	0	0	0	0
IS	1857	0	0	0	0
IS	1858	0	0	0	0
IS	1859	0	0	0	0
IS	1860	0	0	0	0
IS	1861	0	0	0	0
IS	1862	0	0	0	0
IS	1863	0	0	0	0
IS	1864	0	0	0	0
IS	1865	0	0	0	0
IS	1866	0	0	0	0
IS	1867	0	0	0	0
IS	1868	0	0	0	0
IS	1869	0	0	0	0
IS	1870	0	0	0	0
IS	1871	0	0	0	0
IS	1872	0	0	0	0
IS	1873	0	0	0	0
IS	1874	0	0	0	0
IS	1875	0	0	0	0
IS	1876	0	0	0	0
IS	1877	0	0	0	0
IS	1878	0	0	0	0
IS	1879	0	0	0	0
IS	1880	0	0	0	0
IS	1881	0	0	0	0
IS	1882	0	0	0	0
IS	1883	0	0	0	0
IS	1884	0	0	0	0
IS	1885	0	0	0	0
IS	1886	0	0	0	0
IS	1887	0	0	0	0
IS	1888	0	0	0	0
IS	1889	0	0	0	0
IS	1890	0	0	0	0
IS	1891	0	0	0	0
IS	1892	0	0	0	0
IS	1893	0	0	0	0
IS	1894	0	0	0	0
IS	1895	0	0	0	0
IS	1896	0	0	0	0
IS	1897	0	0	0	0
IS	1898	0	0	0	0
IS	1899	0	0	0	0
IS	1900	0	0	0	0
IS	1901	0	0	0	0
IS	1902	0	0	0	0
IS	1903	0	0	0	0
IS	1904	0	0	0	0
IS	1905	0	0	0	0
IS	1906	0	0	0	0
IS	1907	0	0	0	0
IS	1908	0	0	0	0
IS	1909	0	0	0	0
IS	1910	0	0	0	0
IS	1911	1	1	0	0
IS	1912	0	0	0	0
IS	1913	0	0	0	0
IS	1914	0	0	0	0
IS	1915	0	0	0	0
IS	1916	0	0	0	0
IS	1917	0	0	0	0
IS	1918	0	0	0	0
IS	1919	0	0	0	0
IS	1920	0	0	0	0
IS	1921	0	0	0	0
IS	1922	0	0	0	0
IS	1923	0	0	0	0
IS	1924	0	0	0	0
IS	1925	0	0	0	0
IS	1926	0	0	0	0
IS	1927	0	0	0	0
IS	1928	0	0	0	0
IS	1929	0	0	0	0
IS	1930	0	0	0	0
IS	1931	0	0	0	0
IS	1932	0	0	0	0
IS	1933	0	0	0	0
IS	1934	0	0	0	0
IS	1935	0	0	0	0
IS	1936	0	0	0	0
IS	1937	0	0	0	0
IS	1938	0	0	0	0
IS	1939	0	0	0	0
IS	1940	0	0	0	0
IS	1941	0	0	0	0
IS	1942	0	0	0	0
IS	1943	0	0	0	0
IS	1944	0	0	0	0
IS	1945	0	0	0	0
IS	1946	0	0	0	0
IS	1947	0	0	0	0
IS	1948	0	0	0	0
IS	1949	0	0	0	0
IS	1950	0	0	0	0
IS	1951	0	0	0	0
IS	1952	0	0	0	0
IS	1953	0	0	0	0
IS	1954	0	0	0	0
IS	1955	0	0	0	0
IS	1956	0	0	0	0
IS	1957	0	0	0	0
IS	1958	0	0	0	0
IS	1959	0	0	0	0
IS	1960	0	0	0	0
IS	1961	0	0	0	0
IS	1962	0	0	0	0
IS	1963	0	0	0	0
IS	1964	0	0	0	0
IS	1965	0	0	0	0
IS	1966	0	0	0	0
IS	1967	0	0	0	0
IS	1968	0	0	0	0
IS	1969	0	0	0	0
IS	1970	0	0	0	0
IS	1971	0	0	0	0
IS	1972	0	0	0	0
IS	1973	0	0	0	0
IS	1974	0	0	0	0
IS	1975	0	0	0	0
IS	1976	0	0	0	0
IS	1977	0	0	0	0
IS	1978	0	0	0	0
IS	1979	0	0	0	0
IS	1980	0	0	0	0
IS	1981	0	0	0	0
IS	1982	0	0	0	0
IS	1983	0	0	0	0
IS	1984	0	0	0	0
IS	1985	0	0	0	0
IS	1986	0	0	0	0
IS	1987	0	0	0	0
IS	1988	0	0	0	0
IS	1989	0	0	0	0
IS	1990	0	0	0	0
IS	1991	0	0	0	0
IS	1992	0	0	0	0
IS	1993	0	0	0	0
IS	1994	0	0	0	0
IS	1995	0	0	0	0
IS	1996	0	0	0	0
IS	1997	0	0	0	0
IS	1998	0	0	0	0
IS	1999	0	0	0	0
IS	2000	0	0	0	0
IS	2001	0	0	0	0
IS	2002	0	0	0	0
IS	2003	0	0	0	0
IS	2004	0	0	0	0
IS	2005	0	0	0	0
IS	2006	0	0	0	0
IS	2007	0	0	0	0
IS	2008	0	0	0	0
IS	2009	0	0	0	0
IS	2010	0	0	0	0
IS	2011	0	0	0	0
IS	2012	0	0	0	0
IS	2013	0	0	0	0
IS	2014	0	0	0	0
IS	2015	0	0	0	0
IS	2016	0	0	0	0
IS	2017	0	0	0	0
IS	2018	0	0	0	0
IS	2019	0	0	0	0
IS	2020	0	0	0	0
IS	2021	0	0	0	0
IS	2022	0	0	0	0
IS	2023	0	0	0	0
IS	2024	0	0	0	0
IS	2025	0	0	0	0
IS	2026	0	0	0	0
IS	2027	0	0	0	0
IS	2028	0	0	0	0
IS	2029	0	0	0	0
IS	2030	0	0	0	0
IS	2031	0	0	0	0
IS	2032	0	0	0	0
IS	2033	0	0	0	0
IS	2034	0	0	0	0
IS	2035	0	0	0	0
IS	2036	0	0	0	0
IS	2037	0	0	0	0
IS	2038	0	0	0	0
IS	2039	0	0	0	0
IS	2040	0	0	0	0
IS	2041	0	0	0	0
IS	2042	1	1	0	0
IS	2043	0	0	0	0
IS	2044	0	0	0	0
IS	2045	0	0	0	0
IS	2046	0	0	0	0
IS	2047	0	0	0	0
IS	2048	0	0	0	0
IS	2049	0	0	0	0
IS	2050	0	0	0	0
IS	2051	0	0	0	0
IS	2052	0	0	0	0
IS	2053	0	0	0	0
IS	2054	0	0	0	0
IS	2055	0	0	0	0
IS	2056	0	0	0	0
IS	2057	0	0	0	0
IS	2058	0	0	0	0
IS	2059	0	0	0	0
IS	2060	0	0	0	0
IS	2061	0	0	0	0
IS	2062	0	0	0	0
IS	2063	0	0	0	0
IS	2064	0	0	0	0
IS	2065	0	0	0	0
IS	2066	1	1	0	0
IS	2067	0	0	0	0
IS	2068	0	0	0	0
IS	2069	0	0	0	0
IS	2070	0	0	0	0
IS	2071	0	0	0	0
IS	2072	0	0	0	0
IS	2073	0	0	0	0
IS	2074	0	0	0	0
IS	2075	0	0	0	0
IS	2076	0	0	0	0
IS	2077	0	0	0	0
IS	2078	0	0	0	0
IS	2079	0	0	0	0
IS	2080	0	0	0	0
IS	2081	0	0	0	0
IS	2082	0	0	0	0
IS	2083	0	0	0	0
IS	2084	0	0	0	0
IS	2085	0	0	0	0
IS	2086	0	0	0	0
IS	2087	1	1	0	0
IS	2088	0	0	0	0
IS	2089	0	0	0	0
IS	2090	0	0	0	0
IS	2091	0	0	0	0
IS	2092	1	1	0	0
IS	2093	0	0	0	0
IS	2094	0	0	0	0
IS	2095	0	0	0	0
IS	2096	0	0	0	0
IS	2097	0	0	0	0
IS	2098	0	0	0	0
IS	2099	0	0	0	0
IS	2100	0	0	0	0
IS	2101	0	0	0	0
IS	2102	0	0	0	0
IS	2103	0	0	0	0
IS	2104	0	0	0	0
IS	2105	0	0	0	0
IS	2106	0	0	0	0
IS	2107	0	0	0	0
IS	2108	0	0	0	0
IS	2109	0	0	0	0
IS	2110	0	0	0	0
IS	2111	0	0	0	0
IS	2112	0	0	0	0
IS	2113	0	0	0	0
IS	2114	0	0	0	0
IS	2115	0	0	0	0
IS	2116	0	0	0	0
IS	2117	0	0	0	0
IS	2118	0	0	0	0
IS	2119	0	0	0	0
IS	2120	0	0	0	0
IS	2121	0	0	0	0
IS	2122	0	0	0	0
IS	2123	0	0	0	0
IS	2124	0	0	0	0
IS	2125	0	0	0	0
IS	2126	0	0	0	0
IS	2127	0	0	0	0
IS	2128	0	0	0	0
IS	2129	0	0	0	0
IS	2130	0	0	0	0
IS	2131	0	0	0	0
IS	2132	0	0	0	0
IS	2133	0	0	0	0
IS	2134	0	0	0	0
IS	2135	0	0	0	0
IS	2136	0	0	0	0
IS	2137	0	0	0	0
IS	2138	0	0	0	0
IS	2139	0	0	0	0
IS	2140	0	0	0	0
IS	2141	0	0	0	0
IS	2142	0	0	0	0
IS	2143	0	0	0	0
IS	2144	0	0	0	0
IS	2145	0	0	0	0
IS	2146	0	0	0	0
IS	2147	0	0	0	0
IS	2148	0	0	0	0
IS	2149	0	0	0	0
IS	2150	0	0	0	0
IS	2151	0	0	0	0
IS	2152	0	0	0	0
IS	2153	0	0	0	0
IS	2154	0	0	0	0
IS	2155	0	0	0	0
IS	2156	0	0	0	0
IS	2157	0	0	0	0
IS	2158	0	0	0	0
IS	2159	0	0	0	0
IS	2160	0	0	0	0
IS	2161	0	0	0	0
IS	2162	0	0	0	0
IS	2163	0	0	0	0
IS	2164	0	0	0	0
IS	2165	0	0	0	0
IS	2166	0	0	0	0
IS	2167	0	0	0	0
IS	2168	0	0	0	0
IS	2169	0	0	0	0
IS	2170	0	0	0	0
IS	2171	0	0	0	0
IS	2172	0	0	0	0
IS	2173	0	0	0	0
IS	2174	0	0	0	0
IS	2175	0	0	0	0
IS	2176	0	0	0	0
IS	2177	0	0	0	0
IS	2178	0	0	0	0
IS	2179	0	0	0	0
IS	2180	0	0	0	0
IS	2181	0	0	0	0
IS	2182	0	0	0	0
IS	2183	0	0	0	0
IS	2184	0	0	0	0
IS	2185	0	0	0	0
IS	2186	0	0	0	0
IS	2187	0	0	0	0
IS	2188	0	0	0	0
IS	2189	0	0	0	0
IS	2190	0	0	0	0
IS	2191	0	0	0	0
IS	2192	0	0	0	0
IS	2193	0	0	0	0
IS	2194	0	0	0	0
IS	2195	0	0	0	0
IS	2196	0	0	0	0
IS	2197	0	0	0	0
IS	2198	0	0	0	0
IS	2199	0	0	0	0
IS	2200	0	0	0	0
IS	2201	0	0	0	0
IS	2202	0	0	0	0
IS	2203	0	0	0	0
IS	2204	0	0	0	0
IS	2205	0	0	0	0
IS	2206	0	0	0	0
IS	2207	0	0	0	0
IS	2208	0	0	0	0
IS	2209	0	0	0	0
IS	2210	0	0	0	0
IS	2211	0	0	0	0
IS	2212	0	0	0	0
IS	2213	0	0	0	0
IS	2214	0	0	0	0
IS	2215	0	0	0	0
IS	2216	0	0	0	0
IS	2217	0	0	0	0
IS	2218	0	0	0	0
IS	2219	0	0	0	0
IS	2220	0	0	0	0
IS	2221	0	0	0	0
IS	2222	0	0	0	0
IS	2223	0	0	0	0
IS	2224	0	0	0	0
IS	2225	0	0	0	0
IS	2226	0	0	0	0
IS	2227	0	0	0	0
IS	2228	0	0	0	0
IS	2229	0	0	0	0
IS	2230	0	0	0	0
IS	2231	0	0	0	0
IS	2232	0	0	0	0
IS	2233	0	0	0	0
IS	2234	0	0	0	0
IS	2235	0	0	0	0
IS	2236	0	0	0	0
IS	2237	0	0	0	0
IS	2238	0	0	0	0
IS	2239	0	0	0	0
IS	2240	0	0	0	0
IS	2241	0	0	0	0
IS	2242	0	0	0	0
IS	2243	0	0	0	0
IS	2244	1	1	0	0
IS	2245	0	0	0	0
IS	2246	0	0	0	0
IS	2247	0	0	0	0
IS	2248	0	0	0	0
IS	2249	0	0	0	0
IS	2250	0	0	0	0
IS	2251	0	0	0	0
IS	2252	0	0	0	0
IS	2253	0	0	0	0
IS	2254	0	0	0	0
IS	2255	0	0	0	0
IS	2256	0	0	0	0
IS	2257	0	0	0	0
IS	2258	0	0	0	0
IS	2259	0	0	0	0
IS	2260	0	0	0	0
IS	2261	0	0	0	0
IS	2262	0	0	0	0
IS	2263	0	0	0	0
IS	2264	0	0	0	0
IS	2265	0	0	0	0
IS	2266	0	0	0	0
IS	2267	0	0	0	0
IS	2268	0	0	0	0
IS	2269	0	0	0	0
IS	2270	0	0	0	0
IS	2271	0	0	0	0
IS	2272	0	0	0	0
IS	2273	0	0	0	0
IS	2274	0	0	0	0
IS	2275	0	0	0	0
IS	2276	0	0	0	0
IS	2277	0	0	0	0
IS	2278	0	0	0	0
IS	2279	0	0	0	0
IS	2280	0	0	0	0
IS	2281	0	0	0	0
IS	2282	0	0	0	0
IS	2283	0	0	0	0
IS	2284	0	0	0	0
IS	2285	0	0	0	0
IS	2286	0	0	0	0
IS	2287	0	0	0	0
IS	2288	0	0	0	0
IS	2289	0	0	0	0
IS	2290	1	1	0	0
IS	2291	0	0	0	0
IS	2292	0	0	0	0
IS	2293	0	0	0	0
IS	2294	0	0	0	0
IS	2295	0	0	0	0
IS	2296	0	0	0	0
IS	2297	0	0	0	0
IS	2298	0	0	0	0
IS	2299	0	0	0	0
IS	2300	0	0	0	0
IS	2301	0	0	0	0
IS	2302	0	0	0	0
IS	2303	1	1	0	0
IS	2304	0	0	0	0
IS	2305	0	0	0	0
IS	2306	0	0	0	0
IS	2307	0	0	0	0
IS	2308	0	0	0	0
IS	2309	0	0	0	0
IS	2310	0	0	0	0
IS	2311	0	0	0	0
IS	2312	0	0	0	0
IS	2313	0	0	0	0
IS	2314	0	0	0	0
IS	2315	0	0	0	0
IS	2316	0	0	0	0
IS	2317	0	0	0	0
IS	2318	0	0	0	0
IS	2319	0	0	0	0
IS	2320	0	0	0	0
IS	2321	0	0	0	0
IS	2322	0	0	0	0
IS	2323	0	0	0	0
IS	2324	0	0	0	0
IS	2325	0	0	0	0
IS	2326	0	0	0	0
IS	2327	0	0	0	0
IS	2328	0	0	0	0
IS	2329	0	0	0	0
IS	2330	0	0	0	0
IS	2331	0	0	0	0
IS	2332	0	0	0	0
IS	2333	0	0	0	0
IS	2334	0	0	0	0
IS	2335	0	0	0	0
IS	2336	0	0	0	0
IS	2337	0	0	0	0
IS	2338	0	0	0	0
IS	2339	0	0	0	0
IS	2340	0	0	0	0
IS	2341	0	0	0	0
IS	2342	0	0	0	0
IS	2343	0	0	0	0
IS	2344	0	0	0	0
IS	2345	0	0	0	0
IS	2346	0	0	0	0
IS	2347	0	0	0	0
IS	2348	0	0	0	0
IS	2349	0	0	0	0
IS	2350	0	0	0	0
IS	2351	0	0	0	0
IS	2352	0	0	0	0
IS	2353	0	0	0	0
IS	2354	0	0	0	0
IS	2355	0	0	0	0
IS	2356	0	0	0	0
IS	2357	0	0	0	0
IS	2358	0	0	0	0
IS	2359	0	0	0	0
IS	2360	0	0	0	0
IS	2361	0	0	0	0
IS	2362	0	0	0	0
IS	2363	0	0	0	0
IS	2364	0	0	0	0
IS	2365	0	0	0	0
IS	2366	0	0	0	0
IS	2367	0	0	0	0
IS	2368	0	0	0	0
IS	2369	0	0	0	0
IS	2370	0	0	0	0
IS	2371	0	0	0	0
IS	2372	0	0	0	0
IS	2373	0	0	0	0
IS	2374	0	0	0	0
IS	2375	0	0	0	0
IS	2376	0	0	0	0
IS	2377	0	0	0	0
IS	2378	0	0	0	0
IS	2379	0	0	0	0
IS	2380	0	0	0	0
IS	2381	0	0	0	0
IS	2382	0	0	0	0
IS	2383	0	0	0	0
IS	2384	0	0	0	0
IS	2385	0	0	0	0
IS	2386	1	1	0	0
IS	2387	0	0	0	0
IS	2388	0	0	0	0
IS	2389	0	0	0	0
IS	2390	0	0	0	0
IS	2391	0	0	0	0
IS	2392	0	0	0	0
IS	2393	0	0	0	0
IS	2394	0	0	0	0
IS	2395	0	0	0	0
IS	2396	1	1	0	0
IS	2397	0	0	0	0
IS	2398	0	0	0	0
IS	2399	0	0	0	0
IS	2400	0	0	0	0
IS	2401	0	0	0	0
IS	2402	0	0	0	0
IS	2403	0	0	0	0
IS	2404	0	0	0	0
IS	2405	0	0	0	0
IS	2406	0	0	0	0
IS	2407	0	0	0	0
IS	2408	0	0	0	0
IS	2409	0	0	0	0
IS	2410	0	0	0	0
IS	2411	0	0	0	0
IS	2412	0	0	0	0
IS	2413	0	0	0	0
IS	2414	0	0	0	0
IS	2415	0	0	0	0
IS	2416	0	0	0	0
IS	2417	0	0	0	0
IS	2418	0	0	0	0
IS	2419	0	0	0	0
IS	2420	1	1	0	0
IS	2421	0	0	0	0
IS	2422	0	0	0	0
IS	2423	0	0	0	0
IS	2424	0	0	0	0
IS	2425	0	0	0	0
IS	2426	0	0	0	0
IS	2427	0	0	0	0
IS	2428	0	0	0	0
IS	2429	0	0	0	0
IS	2430	0	0	0	0
IS	2431	0	0	0	0
IS	2432	0	0	0	0
IS	2433	0	0	0	0
IS	2434	0	0	0	0
IS	2435	0	0	0	0
IS	2436	0	0	0	0
IS	2437	0	0	0	0
IS	2438	1	1	0	0
IS	2439	0	0	0	0
IS	2440	0	0	0	0
IS	2441	0	0	0	0
IS	2442	0	0	0	0
IS	2443	0	0	0	0
IS	2444	0	0	0	0
IS	2445	0	0	0	0
IS	2446	0	0	0	0
IS	2447	0	0	0	0
IS	2448	0	0	0	0
IS	2449	0	0	0	0
IS	2450	0	0	0	0
IS	2451	0	0	0	0
IS	2452	0	0	0	0
IS	2453	0	0	0	0
IS	2454	1	1	0	0
IS	2455	0	0	0	0
IS	2456	0	0	0	0
IS	2457	0	0	0	0
IS	2458	0	0	0	0
IS	2459	0	0	0	0
IS	2460	0	0	0	0
IS	2461	0	0	0	0
IS	2462	0	0	0	0
IS	2463	0	0	0	0
IS	2464	0	0	0	0
IS	2465	0	0	0	0
IS	2466	0	0	0	0
IS	2467	0	0	0	0
IS	2468	0	0	0	0
IS	2469	0	0	0	0
IS	2470	0	0	0	0
IS	2471	0	0	0	0
IS	2472	0	0	0	0
IS	2473	0	0	0	0
IS	2474	0	0	0	0
IS	2475	0	0	0	0
IS	2476	0	0	0	0
IS	2477	0	0	0	0
IS	2478	0	0	0	0
IS	2479	0	0	0	0
IS	2480	0	0	0	0
IS	2481	0	0	0	0
IS	2482	0	0	0	0
IS	2483	0	0	0	0
IS	2484	0	0	0	0
IS	2485	0	0	0	0
IS	2486	0	0	0	0
IS	2487	0	0	0	0
IS	2488	0	0	0	0
IS	2489	0	0	0	0
IS	2490	0	0	0	0
IS	2491	0	0	0	0
IS	2492	0	0	0	0
IS	2493	0	0	0	0
IS	2494	0	0	0	0
IS	2495	0	0	0	0
IS	2496	0	0	0	0
IS	2497	0	0	0	0
IS	2498	0	0	0	0
IS	2499	0	0	0	0
IS	2500	0	0	0	0
IS	2501	0	0	0	0
IS	2502	0	0	0	0
IS	2503	0	0	0	0
IS	2504	0	0	0	0
IS	2505	0	0	0	0
IS	2506	0	0	0	0
IS	2507	0	0	0	0
IS	2508	0	0	0	0
IS	2509	0	0	0	0
IS	2510	0	0	0	0
IS	2511	0	0	0	0
IS	2512	0	0	0	0
IS	2513	0	0	0	0
IS	2514	0	0	0	0
IS	2515	0	0	0	0
IS	2516	0	0	0	0
IS	2517	0	0	0	0
IS	2518	0	0	0	0
IS	2519	0	0	0	0
IS	2520	0	0	0	0
IS	2521	0	0	0	0
IS	2522	0	0	0	0
IS	2523	0	0	0	0
IS	2524	0	0	0	0
IS	2525	0	0	0	0
IS	2526	0	0	0	0
IS	2527	0	0	0	0
IS	2528	0	0	0	0
IS	2529	1	1	0	0
IS	2530	0	0	0	0
IS	2531	0	0	0	0
IS	2532	0	0	0	0
IS	2533	0	0	0	0
IS	2534	0	0	0	0
IS	2535	0	0	0	0
IS	2536	2	2	0	0
IS	2537	0	0	0	0
IS	2538	0	0	0	0
IS	2539	0	0	0	0
IS	2540	0	0	0	0
IS	2541	0	0	0	0
IS	2542	0	0	0	0
IS	2543	0	0	0	0
IS	2544	0	0	0	0
IS	2545	0	0	0	0
IS	2546	0	0	0	0
IS	2547	0	0	0	0
IS	2548	0	0	0	0
IS	2549	0	0	0	0
IS	2550	0	0	0	0
IS	2551	0	0	0	0
IS	2552	0	0	0	0
IS	2553	0	0	0	0
IS	2554	0	0	0	0
IS	2555	0	0	0	0
IS	2556	0	0	0	0
IS	2557	0	0	0	0
IS	2558	0	0	0	0
IS	2559	0	0	0	0
IS	2560	0	0	0	0
IS	2561	0	0	0	0
IS	2562	0	0	0	0
IS	2563	0	0	0	0
IS	2564	0	0	0	0
IS	2565	0	0	0	0
IS	2566	0	0	0	0
IS	2567	0	0	0	0
IS	2568	0	0	0	0
IS	2569	0	0	0	0
IS	2570	0	0	0	0
IS	2571	1	1	0	0
IS	2572	0	0	0	0
IS	2573	0	0	0	0
IS	2574	0	0	0	0
IS	2575	0	0	0	0
IS	2576	1	1	0	0
IS	2577	0	0	0	0
IS	2578	0	0	0	0
IS	2579	0	0	0	0
IS	2580	0	0	0	0
IS	2581	0	0	0	0
IS	2582	0	0	0	0
IS	2583	0	0	0	0
IS	2584	0	0	0	0
IS	2585	0	0	0	0
IS	2586	0	0	0	0
IS	2587	0	0	0	0
IS	2588	0	0	0	0
IS	2589	1	1	0	0
IS	2590	0	0	0	0
IS	2591	0	0	0	0
IS	2592	0	0	0	0
IS	2593	0	0	0	0
IS	2594	0	0	0	0
IS	2595	0	0	0	0
IS	2596	0	0	0	0
IS	2597	0	0	0	0
IS	2598	0	0	0	0
IS	2599	0	0	0	0
IS	2600	0	0	0	0
IS	2601	0	0	0	0
IS	2602	0	0	0	0
IS	2603	0	0	0	0
IS	2604	0	0	0	0
IS	2605	0	0	0	0
IS	2606	0	0	0	0
IS	2607	0	0	0	0
IS	2608	0	0	0	0
IS	2609	0	0	0	0
IS	2610	1	1	0	0
IS	2611	0	0	0	0
IS	2612	0	0	0	0
IS	2613	0	0	0	0
IS	2614	0	0	0	0
IS	2615	0	0	0	0
IS	2616	0	0	0	0
IS	2617	0	0	0	0
IS	2618	0	0	0	0
IS	2619	0	0	0	0
IS	2620	0	0	0	0
IS	2621	0	0	0	0
IS	2622	0	0	0	0
IS	2623	0	0	0	0
IS	2624	0	0	0	0
IS	2625	0	0	0	0
IS	2626	0	0	0	0
IS	2627	0	0	0	0
IS	2628	0	0	0	0
IS	2629	0	0	0	0
IS	2630	0	0	0	0
IS	2631	0	0	0	0
IS	2632	0	0	0	0
IS	2633	0	0	0	0
IS	2634	0	0	0	0
IS	2635	0	0	0	0
IS	2636	0	0	0	0
IS	2637	0	0	0	0
IS	2638	0	0	0	0
IS	2639	0	0	0	0
IS	2640	0	0	0	0
IS	2641	0	0	0	0
IS	2642	0	0	0	0
IS	2643	0	0	0	0
IS	2644	0	0	0	0
IS	2645	0	0	0	0
IS	2646	0	0	0	0
IS	2647	0	0	0	0
IS	2648	0	0	0	0
IS	2649	0	0	0	0
IS	2650	0	0	0	0
IS	2651	0	0	0	0
IS	2652	0	0	0	0
IS	2653	0	0	0	0
IS	2654	0	0	0	0
IS	2655	0	0	0	0
IS	2656	0	0	0	0
IS	2657	0	0	0	0
IS	2658	0	0	0	0
IS	2659	0	0	0	0
IS	2660	0	0	0	0
IS	2661	0	0	0	0
IS	2662	0	0	0	0
IS	2663	0	0	0	0
IS	2664	0	0	0	0
IS	2665	0	0	0	0
IS	2666	0	0	0	0
IS	2667	0	0	0	0
IS	2668	0	0	0	0
IS	2669	0	0	0	0
IS	2670	0	0	0	0
IS	2671	0	0	0	0
IS	2672	0	0	0	0
IS	2673	0	0	0	0
IS	2674	0	0	0	0
IS	2675	0	0	0	0
IS	2676	0	0	0	0
IS	2677	0	0	0	0
IS	2678	0	0	0	0
IS	2679	0	0	0	0
IS	2680	0	0	0	0
IS	2681	0	0	0	0
IS	2682	0	0	0	0
IS	2683	0	0	0	0
IS	2684	0	0	0	0
IS	2685	0	0	0	0
IS	2686	0	0	0	0
IS	2687	0	0	0	0
IS	2688	0	0	0	0
IS	2689	0	0	0	0
IS	2690	0	0	0	0
IS	2691	1	1	0	0
IS	2692	0	0	0	0
IS	2693	0	0	0	0
IS	2694	0	0	0	0
IS	2695	0	0	0	0
IS	2696	0	0	0	0
IS	2697	0	0	0	0
IS	2698	0	0	0	0
IS	2699	0	0	0	0
IS	2700	0	0	0	0
IS	2701	0	0	0	0
IS	2702	0	0	0	0
IS	2703	0	0	0	0
IS	2704	0	0	0	0
IS	2705	0	0	0	0
IS	2706	0	0	0	0
IS	2707	0	0	0	0
IS	2708	0	0	0	0
IS	2709	0	0	0	0
IS	2710	0	0	0	0
IS	2711	0	0	0	0
IS	2712	0	0	0	0
IS	2713	0	0	0	0
IS	2714	0	0	0	0
IS	2715	0	0	0	0
IS	2716	0	0	0	0
IS	2717	0	0	0	0
IS	2718	0	0	0	0
IS	2719	0	0	0	0
IS	2720	0	0	0	0
IS	2721	0	0	0	0
IS	2722	0	0	0	0
IS	2723	0	0	0	0
IS	2724	1	1	0	0
IS	2725	0	0	0	0
IS	2726	0	0	0	0
IS	2727	0	0	0	0
IS	2728	0	0	0	0
IS	2729	0	0	0	0
IS	2730	0	0	0	0
IS	2731	0	0	0	0
IS	2732	0	0	0	0
IS	2733	0	0	0	0
IS	2734	0	0	0	0
IS	2735	0	0	0	0
IS	2736	0	0	0	0
IS	2737	0	0	0	0
IS	2738	0	0	0	0
IS	2739	0	0	0	0
IS	2740	0	0	0	0
IS	2741	0	0	0	0
IS	2742	0	0	0	0
IS	2743	0	0	0	0
IS	2744	0	0	0	0
IS	2745	0	0	0	0
IS	2746	0	0	0	0
IS	2747	0	0	0	0
IS	2748	0	0	0	0
IS	2749	0	0	0	0
IS	2750	0	0	0	0
IS	2751	0	0	0	0
IS	2752	0	0	0	0
IS	2753	0	0	0	0
IS	2754	0	0	0	0
IS	2755	0	0	0	0
IS	2756	0	0	0	0
IS	2757	0	0	0	0
IS	2758	0	0	0	0
IS	2759	0	0	0	0
IS	2760	0	0	0	0
IS	2761	0	0	0	0
IS	2762	0	0	0	0
IS	2763	0	0	0	0
IS	2764	0	0	0	0
IS	2765	0	0	0	0
IS	2766	0	0	0	0
IS	2767	0	0	0	0
IS	2768	0	0	0	0
IS	2769	0	0	0	0
IS	2770	0	0	0	0
IS	2771	0	0	0	0
IS	2772	0	0	0	0
IS	2773	0	0	0	0
IS	2774	0	0	0	0
IS	2775	0	0	0	0
IS	2776	0	0	0	0
IS	2777	0	0	0	0
IS	2778	0	0	0	0
IS	2779	0	0	0	0
IS	2780	1	1	0	0
IS	2781	0	0	0	0
IS	2782	0	0	0	0
IS	2783	0	0	0	0
IS	2784	0	0	0	0
IS	2785	0	0	0	0
IS	2786	0	0	0	0
IS	2787	0	0	0	0
IS	2788	0	0	0	0
IS	2789	0	0	0	0
IS	2790	0	0	0	0
IS	2791	0	0	0	0
IS	2792	0	0	0	0
IS	2793	0	0	0	0
IS	2794	0	0	0	0
IS	2795	0	0	0	0
IS	2796	0	0	0	0
IS	2797	0	0	0	0
IS	2798	0	0	0	0
IS	2799	0	0	0	0
IS	2800	0	0	0	0
IS	2801	0	0	0	0
IS	2802	0	0	0	0
IS	2803	0	0	0	0
IS	2804	0	0	0	0
IS	2805	0	0	0	0
IS	2806	0	0	0	0
IS	2807	0	0	0	0
IS	2808	0	0	0	0
IS	2809	0	0	0	0
IS	2810	0	0	0	0
IS	2811	0	0	0	0
IS	2812	0	0	0	0
IS	2813	0	0	0	0
IS	2814	0	0	0	0
IS	2815	0	0	0	0
IS	2816	0	0	0	0
IS	2817	0	0	0	0
IS	2818	0	0	0	0
IS	2819	0	0	0	0
IS	2820	0	0	0	0
IS	2821	0	0	0	0
IS	2822	0	0	0	0
IS	2823	0	0	0	0
IS	2824	0	0	0	0
IS	2825	0	0	0	0
IS	2826	0	0	0	0
IS	2827	0	0	0	0
IS	2828	0	0	0	0
IS	2829	0	0	0	0
IS	2830	0	0	0	0
IS	2831	0	0	0	0
IS	2832	0	0	0	0
IS	2833	0	0	0	0
IS	2834	0	0	0	0
IS	2835	0	0	0	0
IS	2836	0	0	0	0
IS	2837	0	0	0	0
IS	2838	0	0	0	0
IS	2839	0	0	0	0
IS	2840	0	0	0	0
IS	2841	0	0	0	0
IS	2842	0	0	0	0
IS	2843	0	0	0	0
IS	2844	1	1	0	0
IS	2845	0	0	0	0
IS	2846	0	0	0	0
IS	2847	0	0	0	0
IS	2848	0	0	0	0
IS	2849	0	0	0	0
IS	2850	0	0	0	0
IS	2851	0	0	0	0
IS	2852	0	0	0	0
IS	2853	0	0	0	0
IS	2854	0	0	0	0
IS	2855	0	0	0	0
IS	2856	0	0	0	0
IS	2857	0	0	0	0
IS	2858	0	0	0	0
IS	2859	0	0	0	0
IS	2860	0	0	0	0
IS	2861	0	0	0	0
IS	2862	0	0	0	0
IS	2863	0	0	0	0
IS	2864	0	0	0	0
IS	2865	0	0	0	0
IS	2866	0	0	0	0
IS	2867	0	0	0	0
IS	2868	0	0	0	0
IS	2869	0	0	0	0
IS	2870	0	0	0	0
IS	2871	0	0	0	0
IS	2872	0	0	0	0
IS	2873	0	0	0	0
IS	2874	0	0	0	0
IS	2875	0	0	0	0
IS	2876	0	0	0	0
IS	2877	0	0	0	0
IS	2878	0	0	0	0
IS	2879	0	0	0	0
IS	2880	0	0	0	0
IS	2881	0	0	0	0
IS	2882	0	0	0	0
IS	2883	0	0	0	0
IS	2884	0	0	0	0
IS	2885	0	0	0	0
IS	2886	0	0	0	0
IS	2887	0	0	0	0
IS	2888	0	0	0	0
IS	2889	0	0	0	0
IS	2890	0	0	0	0
IS	2891	0	0	0	0
IS	2892	0	0	0	0
IS	2893	0	0	0	0
IS	2894	0	0	0	0
IS	2895	0	0	0	0
IS	2896	0	0	0	0
IS	2897	0	0	0	0
IS	2898	0	0	0	0
IS	2899	0	0	0	0
IS	2900	0	0	0	0
IS	2901	0	0	0	0
IS	2902	0	0	0	0
IS	2903	0	0	0	0
IS	2904	0	0	0	0
IS	2905	0	0	0	0
IS	2906	0	0	0	0
IS	2907	0	0	0	0
IS	2908	0	0	0	0
IS	2909	0	0	0	0
IS	2910	0	0	0	0
IS	2911	0	0	0	0
IS	2912	0	0	0	0
IS	2913	0	0	0	0
IS	2914	0	0	0	0
IS	2915	0	0	0	0
IS	2916	0	0	0	0
IS	2917	0	0	0	0
IS	2918	0	0	0	0
IS	2919	0	0	0	0
IS	2920	0	0	0	0
IS	2921	0	0	0	0
IS	2922	0	0	0	0
IS	2923	0	0	0	0
IS	2924	0	0	0	0
IS	2925	0	0	0	0
IS	2926	0	0	0	0
IS	2927	0	0	0	0
IS	2928	0	0	0	0
IS	2929	0	0	0	0
IS	2930	0	0	0	0
IS	2931	0	0	0	0
IS	2932	0	0	0	0
IS	2933	0	0	0	0
IS	2934	0	0	0	0
IS	2935	0	0	0	0
IS	2936	0	0	0	0
IS	2937	0	0	0	0
IS	2938	0	0	0	0
IS	2939	0	0	0	0
IS	2940	0	0	0	0
IS	2941	0	0	0	0
IS	2942	0	0	0	0
IS	2943	0	0	0	0
IS	2944	0	0	0	0
IS	2945	0	0	0	0
IS	2946	0	0	0	0
IS	2947	0	0	0	0
IS	2948	0	0	0	0
IS	2949	0	0	0	0
IS	2950	0	0	0	0
IS	2951	0	0	0	0
IS	2952	0	0	0	0
IS	2953	0	0	0	0
IS	2954	0	0	0	0
IS	2955	0	0	0	0
IS	2956	0	0	0	0
IS	2957	0	0	0	0
IS	2958	0	0	0	0
IS	2959	0	0	0	0
IS	2960	0	0	0	0
IS	2961	0	0	0	0
IS	2962	0	0	0	0
IS	2963	0	0	0	0
IS	2964	0	0	0	0
IS	2965	0	0	0	0
IS	2966	0	0	0	0
IS	2967	0	0	0	0
IS	2968	0	0	0	0
IS	2969	0	0	0	0
IS	2970	0	0	0	0
IS	2971	0	0	0	0
IS	2972	0	0	0	0
IS	2973	0	0	0	0
IS	2974	0	0	0	0
IS	2975	0	0	0	0
IS	2976	0	0	0	0
IS	2977	0	0	0	0
IS	2978	0	0	0	0
IS	2979	0	0	0	0
IS	2980	0	0	0	0
IS	2981	0	0	0	0
IS	2982	1	1	0	0
IS	2983	0	0	0	0
IS	2984	0	0	0	0
IS	2985	0	0	0	0
IS	2986	0	0	0	0
IS	2987	0	0	0	0
IS	2988	0	0	0	0
IS	2989	0	0	0	0
IS	2990	0	0	0	0
IS	2991	0	0	0	0
IS	2992	0	0	0	0
IS	2993	0	0	0	0
IS	2994	0	0	0	0
IS	2995	0	0	0	0
IS	2996	0	0	0	0
IS	2997	0	0	0	0
IS	2998	0	0	0	0
IS	2999	0	0	0	0
IS	3000	0	0	0	0
IS	3001	0	0	0	0
IS	3002	0	0	0	0
IS	3003	0	0	0	0
IS	3004	0	0	0	0
IS	3005	0	0	0	0
IS	3006	0	0	0	0
IS	3007	0	0	0	0
IS	3008	0	0	0	0
IS	3009	0	0	0	0
IS	3010	0	0	0	0
IS	3011	0	0	0	0
IS	3012	0	0	0	0
IS	3013	0	0	0	0
IS	3014	0	0	0	0
IS	3015	0	0	0	0
IS	3016	0	0	0	0
IS	3017	0	0	0	0
IS	3018	0	0	0	0
IS	3019	0	0	0	0
IS	3020	0	0	0	0
IS	3021	0	0	0	0
IS	3022	0	0	0	0
IS	3023	0	0	0	0
IS	3024	0	0	0	0
IS	3025	0	0	0	0
IS	3026	0	0	0	0
IS	3027	0	0	0	0
IS	3028	0	0	0	0
IS	3029	0	0	0	0
IS	3030	0	0	0	0
IS	3031	0	0	0	0
IS	3032	0	0	0	0
IS	3033	0	0	0	0
IS	3034	0	0	0	0
IS	3035	0	0	0	0
IS	3036	0	0	0	0
IS	3037	0	0	0	0
IS	3038	0	0	0	0
IS	3039	0	0	0	0
IS	3040	0	0	0	0
IS	3041	0	0	0	0
IS	3042	0	0	0	0
IS	3043	0	0	0	0
IS	3044	0	0	0	0
IS	3045	0	0	0	0
IS	3046	0	0	0	0
IS	3047	0	0	0	0
IS	3048	0	0	0	0
IS	3049	0	0	0	0
IS	3050	0	0	0	0
IS	3051	0	0	0	0
IS	3052	0	0	0	0
IS	3053	0	0	0	0
IS	3054	0	0	0	0
IS	3055	0	0	0	0
IS	3056	0	0	0	0
IS	3057	0	0	0	0
IS	3058	0	0	0	0
IS	3059	0	0	0	0
IS	3060	0	0	0	0
IS	3061	0	0	0	0
IS	3062	0	0	0	0
IS	3063	0	0	0	0
IS	3064	0	0	0	0
IS	3065	0	0	0	0
IS	3066	0	0	0	0
IS	3067	0	0	0	0
IS	3068	0	0	0	0
IS	3069	0	0	0	0
IS	3070	0	0	0	0
IS	3071	0	0	0	0
IS	3072	0	0	0	0
IS	3073	0	0	0	0
IS	3074	0	0	0	0
IS	3075	0	0	0	0
IS	3076	0	0	0	0
IS	3077	0	0	0	0
IS	3078	0	0	0	0
IS	3079	0	0	0	0
IS	3080	0	0	0	0
IS	3081	0	0	0	0
IS	3082	1	1	0	0
IS	3083	0	0	0	0
IS	3084	0	0	0	0
IS	3085	0	0	0	0
IS	3086	0	0	0	0
IS	3087	0	0	0	0
IS	3088	0	0	0	0
IS	3089	0	0	0	0
IS	3090	0	0	0	0
IS	3091	0	0	0	0
IS	3092	0	0	0	0
IS	3093	0	0	0	0
IS	3094	0	0	0	0
IS	3095	0	0	0	0
IS	3096	0	0	0	0
IS	3097	1	1	0	0
IS	3098	0	0	0	0
IS	3099	0	0	0	0
IS	3100	0	0	0	0
IS	3101	0	0	0	0
IS	3102	0	0	0	0
IS	3103	0	0	0	0
IS	3104	0	0	0	0
IS	3105	0	0	0	0
IS	3106	0	0	0	0
IS	3107	0	0	0	0
IS	3108	0	0	0	0
IS	3109	0	0	0	0
IS	3110	0	0	0	0
IS	3111	1	1	0	0
IS	3112	0	0	0	0
IS	3113	0	0	0	0
IS	3114	0	0	0	0
IS	3115	0	0	0	0
IS	3116	0	0	0	0
IS	3117	0	0	0	0
IS	3118	0	0	0	0
IS	3119	0	0	0	0
IS	3120	0	0	0	0
IS	3121	0	0	0	0
IS	3122	0	0	0	0
IS	3123	0	0	0	0
IS	3124	0	0	0	0
IS	3125	0	0	0	0
IS	3126	0	0	0	0
IS	3127	0	0	0	0
IS	3128	0	0	0	0
IS	3129	0	0	0	0
IS	3130	0	0	0	0
IS	3131	1	1	0	0
IS	3132	0	0	0	0
IS	3133	0	0	0	0
IS	3134	0	0	0	0
IS	3135	0	0	0	0
IS	3136	0	0	0	0
IS	3137	0	0	0	0
IS	3138	0	0	0	0
IS	3139	0	0	0	0
IS	3140	0	0	0	0
IS	3141	0	0	0	0
IS	3142	1	1	0	0
IS	3143	0	0	0	0
IS	3144	0	0	0	0
IS	3145	0	0	0	0
IS	3146	0	0	0	0
IS	3147	0	0	0	0
IS	3148	0	0	0	0
IS	3149	0	0	0	0
IS	3150	0	0	0	0
IS	3151	0	0	0	0
IS	3152	0	0	0	0
IS	3153	0	0	0	0
IS	3154	0	0	0	0
IS	3155	0	0	0	0
IS	3156	0	0	0	0
IS	3157	0	0	0	0
IS	3158	0	0	0	0
IS	3159	0	0	0	0
IS	3160	0	0	0	0
IS	3161	0	0	0	0
IS	3162	0	0	0	0
IS	3163	0	0	0	0
IS	3164	0	0	0	0
IS	3165	0	0	0	0
IS	3166	0	0	0	0
IS	3167	0	0	0	0
IS	3168	0	0	0	0
IS	3169	0	0	0	0
IS	3170	0	0	0	0
IS	3171	0	0	0	0
IS	3172	0	0	0	0
IS	3173	0	0	0	0
IS	3174	0	0	0	0
IS	3175	0	0	0	0
IS	3176	0	0	0	0
IS	3177	0	0	0	0
IS	3178	0	0	0	0
IS	3179	0	0	0	0
IS	3180	0	0	0	0
IS	3181	0	0	0	0
IS	3182	0	0	0	0
IS	3183	0	0	0	0
IS	3184	0	0	0	0
IS	3185	0	0	0	0
IS	3186	0	0	0	0
IS	3187	0	0	0	0
IS	3188	0	0	0	0
IS	3189	0	0	0	0
IS	3190	0	0	0	0
IS	3191	0	0	0	0
IS	3192	0	0	0	0
IS	3193	0	0	0	0
IS	3194	0	0	0	0
IS	3195	0	0	0	0
IS	3196	0	0	0	0
IS	3197	0	0	0	0
IS	3198	0	0	0	0
IS	3199	0	0	0	0
IS	3200	0	0	0	0
IS	3201	0	0	0	0
IS	3202	0	0	0	0
IS	3203	0	0	0	0
IS	3204	0	0	0	0
IS	3205	0	0	0	0
IS	3206	0	0	0	0
IS	3207	0	0	0	0
IS	3208	0	0	0	0
IS	3209	0	0	0	0
IS	3210	0	0	0	0
IS	3211	0	0	0	0
IS	3212	0	0	0	0
IS	3213	0	0	0	0
IS	3214	0	0	0	0
IS	3215	0	0	0	0
IS	3216	1	1	0	0
IS	3217	0	0	0	0
IS	3218	0	0	0	0
IS	3219	0	0	0	0
IS	3220	0	0	0	0
IS	3221	0	0	0	0
IS	3222	0	0	0	0
IS	3223	0	0	0	0
IS	3224	0	0	0	0
IS	3225	0	0	0	0
IS	3226	0	0	0	0
IS	3227	0	0	0	0
IS	3228	0	0	0	0
IS	3229	0	0	0	0
IS	3230	0	0	0	0
IS	3231	0	0	0	0
IS	3232	0	0	0	0
IS	3233	0	0	0	0
IS	3234	0	0	0	0
IS	3235	0	0	0	0
IS	3236	0	0	0	0
IS	3237	0	0	0	0
IS	3238	0	0	0	0
IS	3239	0	0	0	0
IS	3240	0	0	0	0
IS	3241	0	0	0	0
IS	3242	0	0	0	0
IS	3243	0	0	0	0
IS	3244	0	0	0	0
IS	3245	0	0	0	0
IS	3246	0	0	0	0
IS	3247	0	0	0	0
IS	3248	0	0	0	0
IS	3249	0	0	0	0
IS	3250	0	0	0	0
IS	3251	0	0	0	0
IS	3252	0	0	0	0
IS	3253	0	0	0	0
IS	3254	0	0	0	0
IS	3255	0	0	0	0
IS	3256	0	0	0	0
IS	3257	0	0	0	0
IS	3258	0	0	0	0
IS	3259	0	0	0	0
IS	3260	0	0	0	0
IS	3261	0	0	0	0
IS	3262	1	1	0	0
IS	3263	0	0	0	0
IS	3264	0	0	0	0
IS	3265	0	0	0	0
IS	3266	0	0	0	0
IS	3267	0	0	0	0
IS	3268	0	0	0	0
IS	3269	0	0	0	0
IS	3270	0	0	0	0
IS	3271	0	0	0	0
IS	3272	0	0	0	0
IS	3273	0	0	0	0
IS	3274	0	0	0	0
IS	3275	0	0	0	0
IS	3276	0	0	0	0
IS	3277	0	0	0	0
IS	3278	0	0	0	0
IS	3279	0	0	0	0
IS	3280	0	0	0	0
IS	3281	0	0	0	0
IS	3282	0	0	0	0
IS	3283	0	0	0	0
IS	3284	0	0	0	0
IS	3285	0	0	0	0
IS	3286	0	0	0	0
IS	3287	0	0	0	0
IS	3288	0	0	0	0
IS	3289	0	0	0	0
IS	3290	0	0	0	0
IS	3291	0	0	0	0
IS	3292	0	0	0	0
IS	3293	0	0	0	0
IS	3294	0	0	0	0
IS	3295	0	0	0	0
IS	3296	0	0	0	0
IS	3297	0	0	0	0
IS	3298	0	0	0	0
IS	3299	0	0	0	0
IS	3300	0	0	0	0
IS	3301	0	0	0	0
IS	3302	0	0	0	0
IS	3303	0	0	0	0
IS	3304	0	0	0	0
IS	3305	0	0	0	0
IS	3306	0	0	0	0
IS	3307	0	0	0	0
IS	3308	0	0	0	0
IS	3309	0	0	0	0
IS	3310	0	0	0	0
IS	3311	0	0	0	0
IS	3312	0	0	0	0
IS	3313	0	0	0	0
IS	3314	0	0	0	0
IS	3315	0	0	0	0
IS	3316	0	0	0	0
IS	3317	0	0	0	0
IS	3318	0	0	0	0
IS	3319	0	0	0	0
IS	3320	0	0	0	0
IS	3321	0	0	0	0
IS	3322	0	0	0	0
IS	3323	0	0	0	0
IS	3324	0	0	0	0
IS	3325	0	0	0	0
IS	3326	0	0	0	0
IS	3327	0	0	0	0
IS	3328	0	0	0	0
IS	3329	0	0	0	0
IS	3330	0	0	0	0
IS	3331	0	0	0	0
IS	3332	0	0	0	0
IS	3333	0	0	0	0
IS	3334	0	0	0	0
IS	3335	0	0	0	0
IS	3336	0	0	0	0
IS	3337	0	0	0	0
IS	3338	0	0	0	0
IS	3339	0	0	0	0
IS	3340	0	0	0	0
IS	3341	0	0	0	0
IS	3342	0	0	0	0
IS	3343	0	0	0	0
IS	3344	0	0	0	0
IS	3345	0	0	0	0
IS	3346	0	0	0	0
IS	3347	0	0	0	0
IS	3348	0	0	0	0
IS	3349	0	0	0	0
IS	3350	0	0	0	0
IS	3351	0	0	0	0
IS	3352	0	0	0	0
IS	3353	0	0	0	0
IS	3354	0	0	0	0
IS	3355	0	0	0	0
IS	3356	0	0	0	0
IS	3357	0	0	0	0
IS	3358	0	0	0	0
IS	3359	0	0	0	0
IS	3360	0	0	0	0
IS	3361	0	0	0	0
IS	3362	0	0	0	0
IS	3363	0	0	0	0
IS	3364	0	0	0	0
IS	3365	0	0	0	0
IS	3366	0	0	0	0
IS	3367	0	0	0	0
IS	3368	0	0	0	0
IS	3369	0	0	0	0
IS	3370	0	0	0	0
IS	3371	0	0	0	0
IS	3372	0	0	0	0
IS	3373	0	0	0	0
IS	3374	0	0	0	0
IS	3375	0	0	0	0
IS	3376	0	0	0	0
IS	3377	0	0	0	0
IS	3378	0	0	0	0
IS	3379	0	0	0	0
IS	3380	0	0	0	0
IS	3381	0	0	0	0
IS	3382	0	0	0	0
IS	3383	0	0	0	0
IS	3384	0	0	0	0
IS	3385	0	0	0	0
IS	3386	0	0	0	0
IS	3387	0	0	0	0
IS	3388	0	0	0	0
IS	3389	0	0	0	0
IS	3390	0	0	0	0
IS	3391	0	0	0	0
IS	3392	0	0	0	0
IS	3393	0	0	0	0
IS	3394	0	0	0	0
IS	3395	0	0	0	0
IS	3396	0	0	0	0
IS	3397	0	0	0	0
IS	3398	0	0	0	0
IS	3399	0	0	0	0
IS	3400	0	0	0	0
IS	3401	0	0	0	0
IS	3402	0	0	0	0
IS	3403	0	0	0	0
IS	3404	0	0	0	0
IS	3405	0	0	0	0
IS	3406	0	0	0	0
IS	3407	0	0	0	0
IS	3408	0	0	0	0
IS	3409	0	0	0	0
IS	3410	0	0	0	0
IS	3411	0	0	0	0
IS	3412	0	0	0	0
IS	3413	0	0	0	0
IS	3414	0	0	0	0
IS	3415	0	0	0	0
IS	3416	0	0	0	0
IS	3417	0	0	0	0
IS	3418	0	0	0	0
IS	3419	0	0	0	0
IS	3420	0	0	0	0
IS	3421	0	0	0	0
IS	3422	0	0	0	0
IS	3423	0	0	0	0
IS	3424	0	0	0	0
IS	3425	0	0	0	0
IS	3426	0	0	0	0
IS	3427	0	0	0	0
IS	3428	0	0	0	0
IS	3429	0	0	0	0
IS	3430	0	0	0	0
IS	3431	0	0	0	0
IS	3432	0	0	0	0
IS	3433	0	0	0	0
IS	3434	0	0	0	0
IS	3435	0	0	0	0
IS	3436	0	0	0	0
IS	3437	0	0	0	0
IS	3438	0	0	0	0
IS	3439	0	0	0	0
IS	3440	0	0	0	0
IS	3441	0	0	0	0
IS	3442	0	0	0	0
IS	3443	0	0	0	0
IS	3444	0	0	0	0
IS	3445	0	0	0	0
IS	3446	0	0	0	0
IS	3447	0	0	0	0
IS	3448	0	0	0	0
IS	3449	0	0	0	0
IS	3450	0	0	0	0
IS	3451	0	0	0	0
IS	3452	0	0	0	0
IS	3453	0	0	0	0
IS	3454	0	0	0	0
IS	3455	0	0	0	0
IS	3456	0	0	0	0
IS	3457	0	0	0	0
IS	3458	0	0	0	0
IS	3459	0	0	0	0
IS	3460	0	0	0	0
IS	3461	0	0	0	0
IS	3462	0	0	0	0
IS	3463	0	0	0	0
IS	3464	0	0	0	0
IS	3465	0	0	0	0
IS	3466	0	0	0	0
IS	3467	0	0	0	0
IS	3468	0	0	0	0
IS	3469	0	0	0	0
IS	3470	0	0	0	0
IS	3471	0	0	0	0
IS	3472	0	0	0	0
IS	3473	0	0	0	0
IS	3474	0	0	0	0
IS	3475	0	0	0	0
IS	3476	0	0	0	0
IS	3477	1	1	0	0
IS	3478	0	0	0	0
IS	3479	0	0	0	0
IS	3480	0	0	0	0
IS	3481	0	0	0	0
IS	3482	0	0	0	0
IS	3483	0	0	0	0
IS	3484	0	0	0	0
IS	3485	0	0	0	0
IS	3486	0	0	0	0
IS	3487	0	0	0	0
IS	3488	0	0	0	0
IS	3489	0	0	0	0
IS	3490	0	0	0	0
IS	3491	0	0	0	0
IS	3492	0	0	0	0
IS	3493	0	0	0	0
IS	3494	0	0	0	0
IS	3495	0	0	0	0
IS	3496	0	0	0	0
IS	3497	0	0	0	0
IS	3498	0	0	0	0
IS	3499	0	0	0	0
IS	3500	0	0	0	0
IS	3501	0	0	0	0
IS	3502	0	0	0	0
IS	3503	0	0	0	0
IS	3504	0	0	0	0
IS	3505	0	0	0	0
IS	3506	0	0	0	0
IS	3507	0	0	0	0
IS	3508	0	0	0	0
IS	3509	0	0	0	0
IS	3510	0	0	0	0
IS	3511	0	0	0	0
IS	3512	0	0	0	0
IS	3513	0	0	0	0
IS	3514	0	0	0	0
IS	3515	0	0	0	0
IS	3516	0	0	0	0
IS	3517	0	0	0	0
IS	3518	0	0	0	0
IS	3519	0	0	0	0
IS	3520	0	0	0	0
IS	3521	0	0	0	0
IS	3522	0	0	0	0
IS	3523	0	0	0	0
IS	3524	0	0	0	0
IS	3525	0	0	0	0
IS	3526	0	0	0	0
IS	3527	0	0	0	0
IS	3528	0	0	0	0
IS	3529	0	0	0	0
IS	3530	0	0	0	0
IS	3531	0	0	0	0
IS	3532	0	0	0	0
IS	3533	0	0	0	0
IS	3534	0	0	0	0
IS	3535	0	0	0	0
IS	3536	0	0	0	0
IS	3537	0	0	0	0
IS	3538	0	0	0	0
IS	3539	0	0	0	0
IS	3540	0	0	0	0
IS	3541	0	0	0	0
IS	3542	0	0	0	0
IS	3543	0	0	0	0
IS	3544	0	0	0	0
IS	3545	0	0	0	0
IS	3546	0	0	0	0
IS	3547	0	0	0	0
IS	3548	0	0	0	0
IS	3549	0	0	0	0
IS	3550	0	0	0	0
IS	3551	0	0	0	0
IS	3552	0	0	0	0
IS	3553	0	0	0	0
IS	3554	0	0	0	0
IS	3555	0	0	0	0
IS	3556	0	0	0	0
IS	3557	0	0	0	0
IS	3558	0	0	0	0
IS	3559	0	0	0	0
IS	3560	0	0	0	0
IS	3561	0	0	0	0
IS	3562	0	0	0	0
IS	3563	0	0	0	0
IS	3564	0	0	0	0
IS	3565	0	0	0	0
IS	3566	0	0	0	0
IS	3567	0	0	0	0
IS	3568	0	0	0	0
IS	3569	0	0	0	0
IS	3570	0	0	0	0
IS	3571	1	1	0	0
IS	3572	0	0	0	0
IS	3573	0	0	0	0
IS	3574	0	0	0	0
IS	3575	0	0	0	0
IS	3576	0	0	0	0
IS	3577	0	0	0	0
IS	3578	0	0	0	0
IS	3579	0	0	0	0
IS	3580	0	0	0	0
IS	3581	0	0	0	0
IS	3582	0	0	0	0
IS	3583	0	0	0	0
IS	3584	0	0	0	0
IS	3585	0	0	0	0
IS	3586	0	0	0	0
IS	3587	0	0	0	0
IS	3588	0	0	0	0
IS	3589	1	1	0	0
IS	3590	0	0	0	0
IS	3591	0	0	0	0
IS	3592	0	0	0	0
IS	3593	0	0	0	0
IS	3594	0	0	0	0
IS	3595	0	0	0	0
IS	3596	0	0	0	0
IS	3597	0	0	0	0
IS	3598	0	0	0	0
IS	3599	0	0	0	0
IS	3600	0	0	0	0
IS	3601	0	0	0	0
IS	3602	0	0	0	0
IS	3603	0	0	0	0
IS	3604	0	0	0	0
IS	3605	0	0	0	0
IS	3606	0	0	0	0
IS	3607	0	0	0	0
IS	3608	0	0	0	0
IS	3609	0	0	0	0
IS	3610	0	0	0	0
IS	3611	0	0	0	0
IS	3612	0	0	0	0
IS	3613	0	0	0	0
IS	3614	0	0	0	0
IS	3615	0	0	0	0
IS	3616	0	0	0	0
IS	3617	0	0	0	0
IS	3618	0	0	0	0
IS	3619	0	0	0	0
IS	3620	0	0	0	0
IS	3621	0	0	0	0
IS	3622	0	0	0	0
IS	3623	0	0	0	0
IS	3624	0	0	0	0
IS	3625	0	0	0	0
IS	3626	0	0	0	0
IS	3627	0	0	0	0
IS	3628	0	0	0	0
IS	3629	0	0	0	0
IS	3630	0	0	0	0
IS	3631	0	0	0	0
IS	3632	0	0	0	0
IS	3633	0	0	0	0
IS	3634	0	0	0	0
IS	3635	0	0	0	0
IS	3636	0	0	0	0
IS	3637	0	0	0	0
IS	3638	0	0	0	0
IS	3639	0	0	0	0
IS	3640	0	0	0	0
IS	3641	0	0	0	0
IS	3642	0	0	0	0
IS	3643	0	0	0	0
IS	3644	0	0	0	0
IS	3645	0	0	0	0
IS	3646	0	0	0	0
IS	3647	0	0	0	0
IS	3648	0	0	0	0
IS	3649	0	0	0	0
IS	3650	0	0	0	0
IS	3651	0	0	0	0
IS	3652	0	0	0	0
IS	3653	0	0	0	0
IS	3654	0	0	0	0
IS	3655	0	0	0	0
IS	3656	0	0	0	0
IS	3657	0	0	0	0
IS	3658	0	0	0	0
IS	3659	0	0	0	0
IS	3660	0	0	0	0
IS	3661	0	0	0	0
IS	3662	0	0	0	0
IS	3663	0	0	0	0
IS	3664	0	0	0	0
IS	3665	0	0	0	0
IS	3666	0	0	0	0
IS	3667	0	0	0	0
IS	3668	0	0	0	0
IS	3669	0	0	0	0
IS	3670	0	0	0	0
IS	3671	0	0	0	0
IS	3672	0	0	0	0
IS	3673	0	0	0	0
IS	3674	0	0	0	0
IS	3675	0	0	0	0
IS	3676	0	0	0	0
IS	3677	0	0	0	0
IS	3678	0	0	0	0
IS	3679	0	0	0	0
IS	3680	0	0	0	0
IS	3681	0	0	0	0
IS	3682	0	0	0	0
IS	3683	0	0	0	0
IS	3684	0	0	0	0
IS	3685	0	0	0	0
IS	3686	0	0	0	0
IS	3687	0	0	0	0
IS	3688	0	0	0	0
IS	3689	0	0	0	0
IS	3690	0	0	0	0
IS	3691	0	0	0	0
IS	3692	0	0	0	0
IS	3693	0	0	0	0
IS	3694	0	0	0	0
IS	3695	0	0	0	0
IS	3696	0	0	0	0
IS	3697	0	0	0	0
IS	3698	0	0	0	0
IS	3699	0	0	0	0
IS	3700	0	0	0	0
IS	3701	0	0	0	0
IS	3702	0	0	0	0
IS	3703	0	0	0	0
IS	3704	0	0	0	0
IS	3705	0	0	0	0
IS	3706	0	0	0	0
IS	3707	0	0	0	0
IS	3708	0	0	0	0
IS	3709	0	0	0	0
IS	3710	0	0	0	0
IS	3711	0	0	0	0
IS	3712	0	0	0	0
IS	3713	0	0	0	0
IS	3714	0	0	0	0
IS	3715	0	0	0	0
IS	3716	0	0	0	0
IS	3717	0	0	0	0
IS	3718	0	0	0	0
IS	3719	0	0	0	0
IS	3720	0	0	0	0
IS	3721	0	0	0	0
IS	3722	0	0	0	0
IS	3723	0	0	0	0
IS	3724	0	0	0	0
IS	3725	0	0	0	0
IS	3726	0	0	0	0
IS	3727	0	0	0	0
IS	3728	0	0	0	0
IS	3729	0	0	0	0
IS	3730	0	0	0	0
IS	3731	0	0	0	0
IS	3732	0	0	0	0
IS	3733	0	0	0	0
IS	3734	0	0	0	0
IS	3735	0	0	0	0
IS	3736	0	0	0	0
IS	3737	0	0	0	0
IS	3738	0	0	0	0
IS	3739	0	0	0	0
IS	3740	0	0	0	0
IS	3741	0	0	0	0
IS	3742	0	0	0	0
IS	3743	0	0	0	0
IS	3744	0	0	0	0
IS	3745	0	0	0	0
IS	3746	0	0	0	0
IS	3747	0	0	0	0
IS	3748	0	0	0	0
IS	3749	0	0	0	0
IS	3750	0	0	0	0
IS	3751	0	0	0	0
IS	3752	0	0	0	0
IS	3753	0	0	0	0
IS	3754	0	0	0	0
IS	3755	0	0	0	0
IS	3756	0	0	0	0
IS	3757	0	0	0	0
IS	3758	0	0	0	0
IS	3759	0	0	0	0
IS	3760	0	0	0	0
IS	3761	0	0	0	0
IS	3762	0	0	0	0
IS	3763	0	0	0	0
IS	3764	0	0	0	0
IS	3765	0	0	0	0
IS	3766	0	0	0	0
IS	3767	0	0	0	0
IS	3768	0	0	0	0
IS	3769	0	0	0	0
IS	3770	0	0	0	0
IS	3771	0	0	0	0
IS	3772	0	0	0	0
IS	3773	0	0	0	0
IS	3774	0	0	0	0
IS	3775	0	0	0	0
IS	3776	0	0	0	0
IS	3777	0	0	0	0
IS	3778	0	0	0	0
IS	3779	0	0	0	0
IS	3780	0	0	0	0
IS	3781	0	0	0	0
IS	3782	0	0	0	0
IS	3783	1	1	0	0
IS	3784	0	0	0	0
IS	3785	0	0	0	0
IS	3786	0	0	0	0
IS	3787	0	0	0	0
IS	3788	0	0	0	0
IS	3789	0	0	0	0
IS	3790	0	0	0	0
IS	3791	0	0	0	0
IS	3792	0	0	0	0
IS	3793	0	0	0	0
IS	3794	0	0	0	0
IS	3795	0	0	0	0
IS	3796	0	0	0	0
IS	3797	0	0	0	0
IS	3798	0	0	0	0
IS	3799	0	0	0	0
IS	3800	0	0	0	0
IS	3801	0	0	0	0
IS	3802	0	0	0	0
IS	3803	0	0	0	0
IS	3804	0	0	0	0
IS	3805	0	0	0	0
IS	3806	0	0	0	0
IS	3807	0	0	0	0
IS	3808	0	0	0	0
IS	3809	0	0	0	0
IS	3810	0	0	0	0
IS	3811	0	0	0	0
IS	3812	0	0	0	0
IS	3813	0	0	0	0
IS	3814	0	0	0	0
IS	3815	0	0	0	0
IS	3816	0	0	0	0
IS	3817	0	0	0	0
IS	3818	0	0	0	0
IS	3819	0	0	0	0
IS	3820	0	0	0	0
IS	3821	0	0	0	0
IS	3822	0	0	0	0
IS	3823	0	0	0	0
IS	3824	0	0	0	0
IS	3825	0	0	0	0
IS	3826	0	0	0	0
IS	3827	0	0	0	0
IS	3828	0	0	0	0
IS	3829	0	0	0	0
IS	3830	0	0	0	0
IS	3831	0	0	0	0
IS	3832	0	0	0	0
IS	3833	0	0	0	0
IS	3834	0	0	0	0
IS	3835	0	0	0	0
IS	3836	0	0	0	0
IS	3837	0	0	0	0
IS	3838	0	0	0	0
IS	3839	0	0	0	0
IS	3840	0	0	0	0
IS	3841	0	0	0	0
IS	3842	0	0	0	0
IS	3843	0	0	0	0
IS	3844	0	0	0	0
IS	3845	0	0	0	0
IS	3846	0	0	0	0
IS	3847	0	0	0	0
IS	3848	0	0	0	0
IS	3849	0	0	0	0
IS	3850	0	0	0	0
IS	3851	0	0	0	0
IS	3852	0	0	0	0
IS	3853	0	0	0	0
IS	3854	0	0	0	0
IS	3855	0	0	0	0
IS	3856	0	0	0	0
IS	3857	0	0	0	0
IS	3858	0	0	0	0
IS	3859	1	1	0	0
IS	3860	0	0	0	0
IS	3861	0	0	0	0
IS	3862	0	0	0	0
IS	3863	0	0	0	0
IS	3864	0	0	0	0
IS	3865	0	0	0	0
IS	3866	0	0	0	0
IS	3867	0	0	0	0
IS	3868	0	0	0	0
IS	3869	0	0	0	0
IS	3870	0	0	0	0
IS	3871	0	0	0	0
IS	3872	0	0	0	0
IS	3873	0	0	0	0
IS	3874	0	0	0	0
IS	3875	0	0	0	0
IS	3876	0	0	0	0
IS	3877	0	0	0	0
IS	3878	0	0	0	0
IS	3879	0	0	0	0
IS	3880	0	0	0	0
IS	3881	0	0	0	0
IS	3882	0	0	0	0
IS	3883	0	0	0	0
IS	3884	0	0	0	0
IS	3885	0	0	0	0
IS	3886	0	0	0	0
IS	3887	0	0	0	0
IS	3888	0	0	0	0
IS	3889	0	0	0	0
IS	3890	0	0	0	0
IS	3891	0	0	0	0
IS	3892	0	0	0	0
IS	3893	0	0	0	0
IS	3894	0	0	0	0
IS	3895	0	0	0	0
IS	3896	0	0	0	0
IS	3897	0	0	0	0
IS	3898	0	0	0	0
IS	3899	0	0	0	0
IS	3900	1	1	0	0
IS	3901	0	0	0	0
IS	3902	0	0	0	0
IS	3903	0	0	0	0
IS	3904	0	0	0	0
IS	3905	0	0	0	0
IS	3906	0	0	0	0
IS	3907	0	0	0	0
IS	3908	0	0	0	0
IS	3909	0	0	0	0
IS	3910	0	0	0	0
IS	3911	0	0	0	0
IS	3912	0	0	0	0
IS	3913	0	0	0	0
IS	3914	0	0	0	0
IS	3915	0	0	0	0
IS	3916	0	0	0	0
IS	3917	0	0	0	0
IS	3918	0	0	0	0
IS	3919	0	0	0	0
IS	3920	0	0	0	0
IS	3921	0	0	0	0
IS	3922	0	0	0	0
IS	3923	0	0	0	0
IS	3924	0	0	0	0
IS	3925	0	0	0	0
IS	3926	0	0	0	0
IS	3927	0	0	0	0
IS	3928	0	0	0	0
IS	3929	0	0	0	0
IS	3930	0	0	0	0
IS	3931	0	0	0	0
IS	3932	0	0	0	0
IS	3933	0	0	0	0
IS	3934	0	0	0	0
IS	3935	0	0	0	0
IS	3936	0	0	0	0
IS	3937	0	0	0	0
IS	3938	0	0	0	0
IS	3939	0	0	0	0
IS	3940	0	0	0	0
IS	3941	0	0	0	0
IS	3942	0	0	0	0
IS	3943	0	0	0	0
IS	3944	0	0	0	0
IS	3945	0	0	0	0
IS	3946	0	0	0	0
IS	3947	0	0	0	0
IS	3948	0	0	0	0
IS	3949	0	0	0	0
IS	3950	0	0	0	0
IS	3951	0	0	0	0
IS	3952	1	1	0	0
IS	3953	0	0	0	0
IS	3954	0	0	0	0
IS	3955	0	0	0	0
IS	3956	0	0	0	0
IS	3957	0	0	0	0
IS	3958	0	0	0	0
IS	3959	0	0	0	0
IS	3960	0	0	0	0
IS	3961	0	0	0	0
IS	3962	0	0	0	0
IS	3963	0	0	0	0
IS	3964	0	0	0	0
IS	3965	0	0	0	0
IS	3966	0	0	0	0
IS	3967	0	0	0	0
IS	3968	0	0	0	0
IS	3969	0	0	0	0
IS	3970	0	0	0	0
IS	3971	0	0	0	0
IS	3972	0	0	0	0
IS	3973	0	0	0	0
IS	3974	0	0	0	0
IS	3975	0	0	0	0
IS	3976	0	0	0	0
IS	3977	0	0	0	0
IS	3978	0	0	0	0
IS	3979	0	0	0	0
IS	3980	0	0	0	0
IS	3981	0	0	0	0
IS	3982	0	0	0	0
IS	3983	0	0	0	0
IS	3984	0	0	0	0
IS	3985	0	0	0	0
IS	3986	0	0	0	0
IS	3987	0	0	0	0
IS	3988	0	0	0	0
IS	3989	0	0	0	0
IS	3990	0	0	0	0
IS	3991	0	0	0	0
IS	3992	0	0	0	0
IS	3993	0	0	0	0
IS	3994	0	0	0	0
IS	3995	0	0	0	0
IS	3996	0	0	0	0
IS	3997	0	0	0	0
IS	3998	0	0	0	0
IS	3999	0	0	0	0
IS	4000	0	0	0	0
IS	4001	0	0	0	0
IS	4002	0	0	0	0
IS	4003	0	0	0	0
IS	4004	0	0	0	0
IS	4005	0	0	0	0
IS	4006	0	0	0	0
IS	4007	0	0	0	0
IS	4008	0	0	0	0
IS	4009	0	0	0	0
IS	4010	0	0	0	0
IS	4011	0	0	0	0
IS	4012	0	0	0	0
IS	4013	0	0	0	0
IS	4014	0	0	0	0
IS	4015	0	0	0	0
IS	4016	0	0	0	0
IS	4017	0	0	0	0
IS	4018	0	0	0	0
IS	4019	0	0	0	0
IS	4020	0	0	0	0
IS	4021	0	0	0	0
IS	4022	0	0	0	0
IS	4023	1	1	0	0
IS	4024	0	0	0	0
IS	4025	0	0	0	0
IS	4026	0	0	0	0
IS	4027	0	0	0	0
IS	4028	0	0	0	0
IS	4029	0	0	0	0
IS	4030	0	0	0	0
IS	4031	0	0	0	0
IS	4032	0	0	0	0
IS	4033	0	0	0	0
IS	4034	0	0	0	0
IS	4035	0	0	0	0
IS	4036	0	0	0	0
IS	4037	0	0	0	0
IS	4038	0	0	0	0
IS	4039	0	0	0	0
IS	4040	0	0	0	0
IS	4041	0	0	0	0
IS	4042	0	0	0	0
IS	4043	0	0	0	0
IS	4044	0	0	0	0
IS	4045	0	0	0	0
IS	4046	0	0	0	0
IS	4047	0	0	0	0
IS	4048	0	0	0	0
IS	4049	0	0	0	0
IS	4050	0	0	0	0
IS	4051	0	0	0	0
IS	4052	0	0	0	0
IS	4053	0	0	0	0
IS	4054	0	0	0	0
IS	4055	0	0	0	0
IS	4056	0	0	0	0
IS	4057	0	0	0	0
IS	4058	0	0	0	0
IS	4059	0	0	0	0
IS	4060	0	0	0	0
IS	4061	0	0	0	0
IS	4062	0	0	0	0
IS	4063	0	0	0	0
IS	4064	0	0	0	0
IS	4065	0	0	0	0
IS	4066	0	0	0	0
IS	4067	0	0	0	0
IS	4068	0	0	0	0
IS	4069	0	0	0	0
IS	4070	1	1	0	0
IS	4071	0	0	0	0
IS	4072	0	0	0	0
IS	4073	0	0	0	0
IS	4074	0	0	0	0
IS	4075	0	0	0	0
IS	4076	0	0	0	0
IS	4077	0	0	0	0
IS	4078	0	0	0	0
IS	4079	0	0	0	0
IS	4080	0	0	0	0
IS	4081	0	0	0	0
IS	4082	0	0	0	0
IS	4083	0	0	0	0
IS	4084	0	0	0	0
IS	4085	0	0	0	0
IS	4086	0	0	0	0
IS	4087	0	0	0	0
IS	4088	0	0	0	0
IS	4089	0	0	0	0
IS	4090	0	0	0	0
IS	4091	0	0	0	0
IS	4092	0	0	0	0
IS	4093	0	0	0	0
IS	4094	0	0	0	0
IS	4095	0	0	0	0
IS	4096	0	0	0	0
IS	4097	0	0	0	0
IS	4098	0	0	0	0
IS	4099	0	0	0	0
IS	4100	0	0	0	0
IS	4101	0	0	0	0
IS	4102	0	0	0	0
IS	4103	0	0	0	0
IS	4104	0	0	0	0
IS	4105	0	0	0	0
IS	4106	0	0	0	0
IS	4107	0	0	0	0
IS	4108	0	0	0	0
IS	4109	0	0	0	0
IS	4110	0	0	0	0
IS	4111	0	0	0	0
IS	4112	0	0	0	0
IS	4113	0	0	0	0
IS	4114	0	0	0	0
IS	4115	0	0	0	0
IS	4116	0	0	0	0
IS	4117	0	0	0	0
IS	4118	0	0	0	0
IS	4119	0	0	0	0
IS	4120	0	0	0	0
IS	4121	0	0	0	0
IS	4122	0	0	0	0
IS	4123	0	0	0	0
IS	4124	0	0	0	0
IS	4125	0	0	0	0
IS	4126	0	0	0	0
IS	4127	0	0	0	0
IS	4128	0	0	0	0
IS	4129	0	0	0	0
IS	4130	0	0	0	0
IS	4131	0	0	0	0
IS	4132	0	0	0	0
IS	4133	0	0	0	0
IS	4134	0	0	0	0
IS	4135	0	0	0	0
IS	4136	0	0	0	0
IS	4137	0	0	0	0
IS	4138	0	0	0	0
IS	4139	0	0	0	0
IS	4140	0	0	0	0
IS	4141	0	0	0	0
IS	4142	0	0	0	0
IS	4143	0	0	0	0
IS	4144	0	0	0	0
IS	4145	0	0	0	0
IS	4146	0	0	0	0
IS	4147	0	0	0	0
IS	4148	0	0	0	0
IS	4149	0	0	0	0
IS	4150	0	0	0	0
IS	4151	0	0	0	0
IS	4152	0	0	0	0
IS	4153	0	0	0	0
IS	4154	0	0	0	0
IS	4155	0	0	0	0
IS	4156	0	0	0	0
IS	4157	0	0	0	0
IS	4158	0	0	0	0
IS	4159	0	0	0	0
IS	4160	0	0	0	0
IS	4161	0	0	0	0
IS	4162	0	0	0	0
IS	4163	0	0	0	0
IS	4164	0	0	0	0
IS	4165	0	0	0	0
IS	4166	0	0	0	0
IS	4167	0	0	0	0
IS	4168	0	0	0	0
IS	4169	0	0	0	0
IS	4170	0	0	0	0
IS	4171	0	0	0	0
IS	4172	0	0	0	0
IS	4173	0	0	0	0
IS	4174	0	0	0	0
IS	4175	0	0	0	0
IS	4176	0	0	0	0
IS	4177	0	0	0	0
IS	4178	0	0	0	0
IS	4179	0	0	0	0
IS	4180	0	0	0	0
IS	4181	1	1	0	0
IS	4182	1	1	0	0
IS	4183	0	0	0	0
IS	4184	0	0	0	0
IS	4185	0	0	0	0
IS	4186	0	0	0	0
IS	4187	0	0	0	0
IS	4188	0	0	0	0
IS	4189	0	0	0	0
IS	4190	0	0	0	0
IS	4191	0	0	0	0
IS	4192	0	0	0	0
IS	4193	0	0	0	0
IS	4194	0	0	0	0
IS	4195	0	0	0	0
IS	4196	0	0	0	0
IS	4197	0	0	0	0
IS	4198	0	0	0	0
IS	4199	0	0	0	0
IS	4200	0	0	0	0
IS	4201	0	0	0	0
IS	4202	0	0	0	0
IS	4203	0	0	0	0
IS	4204	0	0	0	0
IS	4205	0	0	0	0
IS	4206	0	0	0	0
IS	4207	0	0	0	0
IS	4208	0	0	0	0
IS	4209	0	0	0	0
IS	4210	0	0	0	0
IS	4211	0	0	0	0
IS	4212	0	0	0	0
IS	4213	0	0	0	0
IS	4214	0	0	0	0
IS	4215	0	0	0	0
IS	4216	0	0	0	0
IS	4217	0	0	0	0
IS	4218	0	0	0	0
IS	4219	0	0	0	0
IS	4220	0	0	0	0
IS	4221	0	0	0	0
IS	4222	0	0	0	0
IS	4223	0	0	0	0
IS	4224	0	0	0	0
IS	4225	0	0	0	0
IS	4226	0	0	0	0
IS	4227	0	0	0	0
IS	4228	0	0	0	0
IS	4229	1	1	0	0
IS	4230	0	0	0	0
IS	4231	0	0	0	0
IS	4232	0	0	0	0
IS	4233	0	0	0	0
IS	4234	0	0	0	0
IS	4235	0	0	0	0
IS	4236	0	0	0	0
IS	4237	0	0	0	0
IS	4238	0	0	0	0
IS	4239	0	0	0	0
IS	4240	0	0	0	0
IS	4241	0	0	0	0
IS	4242	0	0	0	0
IS	4243	0	0	0	0
IS	4244	0	0	0	0
IS	4245	0	0	0	0
IS	4246	0	0	0	0
IS	4247	0	0	0	0
IS	4248	0	0	0	0
IS	4249	0	0	0	0
IS	4250	0	0	0	0
IS	4251	0	0	0	0
IS	4252	0	0	0	0
IS	4253	0	0	0	0
IS	4254	0	0	0	0
IS	4255	0	0	0	0
IS	4256	0	0	0	0
IS	4257	0	0	0	0
IS	4258	0	0	0	0
IS	4259	0	0	0	0
IS	4260	0	0	0	0
IS	4261	0	0	0	0
IS	4262	1	1	0	0
IS	4263	0	0	0	0
IS	4264	0	0	0	0
IS	4265	0	0	0	0
IS	4266	0	0	0	0
IS	4267	0	0	0	0
IS	4268	0	0	0	0
IS	4269	0	0	0	0
IS	4270	0	0	0	0
IS	4271	0	0	0	0
IS	4272	0	0	0	0
IS	4273	0	0	0	0
IS	4274	0	0	0	0
IS	4275	0	0	0	0
IS	4276	0	0	0	0
IS	4277	0	0	0	0
IS	4278	1	1	0	0
IS	4279	0	0	0	0
IS	4280	0	0	0	0
IS	4281	0	0	0	0
IS	4282	0	0	0	0
IS	4283	0	0	0	0
IS	4284	0	0	0	0
IS	4285	0	0	0	0
IS	4286	0	0	0	0
IS	4287	0	0	0	0
IS	4288	0	0	0	0
IS	4289	0	0	0	0
IS	4290	0	0	0	0
IS	4291	0	0	0	0
IS	4292	0	0	0	0
IS	4293	0	0	0	0
IS	4294	0	0	0	0
IS	4295	0	0	0	0
IS	4296	0	0	0	0
IS	4297	0	0	0	0
IS	4298	0	0	0	0
IS	4299	0	0	0	0
IS	4300	0	0	0	0
IS	4301	0	0	0	0
IS	4302	0	0	0	0
IS	4303	0	0	0	0
IS	4304	0	0	0	0
IS	4305	0	0	0	0
IS	4306	0	0	0	0
IS	4307	0	0	0	0
IS	4308	0	0	0	0
IS	4309	0	0	0	0
IS	4310	0	0	0	0
IS	4311	0	0	0	0
IS	4312	0	0	0	0
IS	4313	0	0	0	0
IS	4314	0	0	0	0
IS	4315	0	0	0	0
IS	4316	0	0	0	0
IS	4317	0	0	0	0
IS	4318	0	0	0	0
IS	4319	0	0	0	0
IS	4320	0	0	0	0
IS	4321	0	0	0	0
IS	4322	0	0	0	0
IS	4323	0	0	0	0
IS	4324	0	0	0	0
IS	4325	0	0	0	0
IS	4326	0	0	0	0
IS	4327	0	0	0	0
IS	4328	0	0	0	0
IS	4329	0	0	0	0
IS	4330	0	0	0	0
IS	4331	0	0	0	0
IS	4332	0	0	0	0
IS	4333	0	0	0	0
IS	4334	0	0	0	0
IS	4335	0	0	0	0
IS	4336	0	0	0	0
IS	4337	0	0	0	0
IS	4338	0	0	0	0
IS	4339	0	0	0	0
IS	4340	0	0	0	0
IS	4341	0	0	0	0
IS	4342	0	0	0	0
IS	4343	0	0	0	0
IS	4344	0	0	0	0
IS	4345	0	0	0	0
IS	4346	0	0	0	0
IS	4347	0	0	0	0
IS	4348	0	0	0	0
IS	4349	0	0	0	0
IS	4350	0	0	0	0
IS	4351	0	0	0	0
IS	4352	0	0	0	0
IS	4353	0	0	0	0
IS	4354	0	0	0	0
IS	4355	0	0	0	0
IS	4356	0	0	0	0
IS	4357	0	0	0	0
IS	4358	0	0	0	0
IS	4359	0	0	0	0
IS	4360	0	0	0	0
IS	4361	0	0	0	0
IS	4362	0	0	0	0
IS	4363	0	0	0	0
IS	4364	0	0	0	0
IS	4365	0	0	0	0
IS	4366	0	0	0	0
IS	4367	0	0	0	0
IS	4368	0	0	0	0
IS	4369	0	0	0	0
IS	4370	0	0	0	0
IS	4371	0	0	0	0
IS	4372	0	0	0	0
IS	4373	0	0	0	0
IS	4374	0	0	0	0
IS	4375	0	0	0	0
IS	4376	0	0	0	0
IS	4377	0	0	0	0
IS	4378	0	0	0	0
IS	4379	0	0	0	0
IS	4380	0	0	0	0
IS	4381	0	0	0	0
IS	4382	0	0	0	0
IS	4383	0	0	0	0
IS	4384	0	0	0	0
IS	4385	0	0	0	0
IS	4386	0	0	0	0
IS	4387	0	0	0	0
IS	4388	0	0	0	0
IS	4389	0	0	0	0
IS	4390	0	0	0	0
IS	4391	0	0	0	0
IS	4392	0	0	0	0
IS	4393	0	0	0	0
IS	4394	0	0	0	0
IS	4395	0	0	0	0
IS	4396	0	0	0	0
IS	4397	0	0	0	0
IS	4398	1	1	0	0
IS	4399	0	0	0	0
IS	4400	0	0	0	0
IS	4401	0	0	0	0
IS	4402	0	0	0	0
IS	4403	0	0	0	0
IS	4404	0	0	0	0
IS	4405	0	0	0	0
IS	4406	0	0	0	0
IS	4407	0	0	0	0
IS	4408	0	0	0	0
IS	4409	0	0	0	0
IS	4410	0	0	0	0
IS	4411	0	0	0	0
IS	4412	0	0	0	0
IS	4413	0	0	0	0
IS	4414	0	0	0	0
IS	4415	0	0	0	0
IS	4416	0	0	0	0
IS	4417	0	0	0	0
IS	4418	0	0	0	0
IS	4419	0	0	0	0
IS	4420	0	0	0	0
IS	4421	0	0	0	0
IS	4422	0	0	0	0
IS	4423	0	0	0	0
IS	4424	0	0	0	0
IS	4425	0	0	0	0
IS	4426	0	0	0	0
IS	4427	0	0	0	0
IS	4428	0	0	0	0
IS	4429	0	0	0	0
IS	4430	0	0	0	0
IS	4431	0	0	0	0
IS	4432	0	0	0	0
IS	4433	0	0	0	0
IS	4434	0	0	0	0
IS	4435	0	0	0	0
IS	4436	0	0	0	0
IS	4437	0	0	0	0
IS	4438	0	0	0	0
IS	4439	0	0	0	0
IS	4440	0	0	0	0
IS	4441	0	0	0	0
IS	4442	0	0	0	0
IS	4443	0	0	0	0
IS	4444	0	0	0	0
IS	4445	0	0	0	0
IS	4446	0	0	0	0
IS	4447	0	0	0	0
IS	4448	0	0	0	0
IS	4449	0	0	0	0
IS	4450	0	0	0	0
IS	4451	0	0	0	0
IS	4452	0	0	0	0
IS	4453	0	0	0	0
IS	4454	0	0	0	0
IS	4455	0	0	0	0
IS	4456	0	0	0	0
IS	4457	0	0	0	0
IS	4458	0	0	0	0
IS	4459	0	0	0	0
IS	4460	0	0	0	0
IS	4461	0	0	0	0
IS	4462	0	0	0	0
IS	4463	0	0	0	0
IS	4464	0	0	0	0
IS	4465	0	0	0	0
IS	4466	0	0	0	0
IS	4467	0	0	0	0
IS	4468	0	0	0	0
IS	4469	0	0	0	0
IS	4470	0	0	0	0
IS	4471	0	0	0	0
IS	4472	0	0	0	0
IS	4473	0	0	0	0
IS	4474	0	0	0	0
IS	4475	0	0	0	0
IS	4476	0	0	0	0
IS	4477	0	0	0	0
IS	4478	0	0	0	0
IS	4479	0	0	0	0
IS	4480	0	0	0	0
IS	4481	0	0	0	0
IS	4482	0	0	0	0
IS	4483	0	0	0	0
IS	4484	0	0	0	0
IS	4485	0	0	0	0
IS	4486	0	0	0	0
IS	4487	0	0	0	0
IS	4488	0	0	0	0
IS	4489	0	0	0	0
IS	4490	0	0	0	0
IS	4491	0	0	0	0
IS	4492	0	0	0	0
IS	4493	0	0	0	0
IS	4494	0	0	0	0
IS	4495	0	0	0	0
IS	4496	0	0	0	0
IS	4497	0	0	0	0
IS	4498	0	0	0	0
IS	4499	0	0	0	0
IS	4500	0	0	0	0
IS	4501	0	0	0	0
IS	4502	0	0	0	0
IS	4503	0	0	0	0
IS	4504	0	0	0	0
IS	4505	0	0	0	0
IS	4506	0	0	0	0
IS	4507	0	0	0	0
IS	4508	0	0	0	0
IS	4509	0	0	0	0
IS	4510	0	0	0	0
IS	4511	0	0	0	0
IS	4512	0	0	0	0
IS	4513	0	0	0	0
IS	4514	0	0	0	0
IS	4515	0	0	0	0
IS	4516	0	0	0	0
IS	4517	0	0	0	0
IS	4518	0	0	0	0
IS	4519	0	0	0	0
IS	4520	0	0	0	0
IS	4521	0	0	0	0
IS	4522	0	0	0	0
IS	4523	0	0	0	0
IS	4524	0	0	0	0
IS	4525	0	0	0	0
IS	4526	0	0	0	0
IS	4527	0	0	0	0
IS	4528	0	0	0	0
IS	4529	0	0	0	0
IS	4530	0	0	0	0
IS	4531	0	0	0	0
IS	4532	0	0	0	0
IS	4533	0	0	0	0
IS	4534	0	0	0	0
IS	4535	0	0	0	0
IS	4536	0	0	0	0
IS	4537	0	0	0	0
IS	4538	0	0	0	0
IS	4539	0	0	0	0
IS	4540	0	0	0	0
IS	4541	0	0	0	0
IS	4542	0	0	0	0
IS	4543	0	0	0	0
IS	4544	0	0	0	0
IS	4545	0	0	0	0
IS	4546	0	0	0	0
IS	4547	0	0	0	0
IS	4548	0	0	0	0
IS	4549	0	0	0	0
IS	4550	0	0	0	0
IS	4551	0	0	0	0
IS	4552	0	0	0	0
IS	4553	0	0	0	0
IS	4554	0	0	0	0
IS	4555	0	0	0	0
IS	4556	0	0	0	0
IS	4557	0	0	0	0
IS	4558	0	0	0	0
IS	4559	0	0	0	0
IS	4560	0	0	0	0
IS	4561	0	0	0	0
IS	4562	0	0	0	0
IS	4563	0	0	0	0
IS	4564	0	0	0	0
IS	4565	0	0	0	0
IS	4566	0	0	0	0
IS	4567	0	0	0	0
IS	4568	0	0	0	0
IS	4569	0	0	0	0
IS	4570	0	0	0	0
IS	4571	0	0	0	0
IS	4572	0	0	0	0
IS	4573	0	0	0	0
IS	4574	0	0	0	0
IS	4575	0	0	0	0
IS	4576	0	0	0	0
IS	4577	0	0	0	0
IS	4578	0	0	0	0
IS	4579	0	0	0	0
IS	4580	0	0	0	0
IS	4581	0	0	0	0
IS	4582	0	0	0	0
IS	4583	0	0	0	0
IS	4584	0	0	0	0
IS	4585	0	0	0	0
IS	4586	0	0	0	0
IS	4587	0	0	0	0
IS	4588	0	0	0	0
IS	4589	0	0	0	0
IS	4590	0	0	0	0
IS	4591	0	0	0	0
IS	4592	0	0	0	0
IS	4593	0	0	0	0
IS	4594	0	0	0	0
IS	4595	0	0	0	0
IS	4596	0	0	0	0
IS	4597	0	0	0	0
IS	4598	0	0	0	0
IS	4599	0	0	0	0
IS	4600	0	0	0	0
IS	4601	0	0	0	0
IS	4602	0	0	0	0
IS	4603	0	0	0	0
IS	4604	0	0	0	0
IS	4605	0	0	0	0
IS	4606	0	0	0	0
IS	4607	0	0	0	0
IS	4608	1	1	0	0
IS	4609	0	0	0	0
IS	4610	0	0	0	0
IS	4611	0	0	0	0
IS	4612	0	0	0	0
IS	4613	0	0	0	0
IS	4614	0	0	0	0
IS	4615	0	0	0	0
IS	4616	0	0	0	0
IS	4617	0	0	0	0
IS	4618	0	0	0	0
IS	4619	0	0	0	0
IS	4620	0	0	0	0
IS	4621	0	0	0	0
IS	4622	0	0	0	0
IS	4623	0	0	0	0
IS	4624	0	0	0	0
IS	4625	0	0	0	0
IS	4626	0	0	0	0
IS	4627	0	0	0	0
IS	4628	0	0	0	0
IS	4629	0	0	0	0
IS	4630	0	0	0	0
IS	4631	0	0	0	0
IS	4632	0	0	0	0
IS	4633	0	0	0	0
IS	4634	0	0	0	0
IS	4635	0	0	0	0
IS	4636	0	0	0	0
IS	4637	0	0	0	0
IS	4638	0	0	0	0
IS	4639	0	0	0	0
IS	4640	0	0	0	0
IS	4641	0	0	0	0
IS	4642	0	0	0	0
IS	4643	0	0	0	0
IS	4644	0	0	0	0
IS	4645	0	0	0	0
IS	4646	0	0	0	0
IS	4647	0	0	0	0
IS	4648	0	0	0	0
IS	4649	0	0	0	0
IS	4650	0	0	0	0
IS	4651	0	0	0	0
IS	4652	0	0	0	0
IS	4653	0	0	0	0
IS	4654	0	0	0	0
IS	4655	0	0	0	0
IS	4656	0	0	0	0
IS	4657	0	0	0	0
IS	4658	0	0	0	0
IS	4659	0	0	0	0
IS	4660	0	0	0	0
IS	4661	0	0	0	0
IS	4662	0	0	0	0
IS	4663	0	0	0	0
IS	4664	0	0	0	0
IS	4665	0	0	0	0
IS	4666	0	0	0	0
IS	4667	0	0	0	0
IS	4668	0	0	0	0
IS	4669	0	0	0	0
IS	4670	0	0	0	0
IS	4671	0	0	0	0
IS	4672	0	0	0	0
IS	4673	0	0	0	0
IS	4674	0	0	0	0
IS	4675	0	0	0	0
IS	4676	0	0	0	0
IS	4677	0	0	0	0
IS	4678	0	0	0	0
IS	4679	0	0	0	0
IS	4680	0	0	0	0
IS	4681	0	0	0	0
IS	4682	0	0	0	0
IS	4683	0	0	0	0
IS	4684	0	0	0	0
IS	4685	0	0	0	0
IS	4686	0	0	0	0
IS	4687	0	0	0	0
IS	4688	0	0	0	0
IS	4689	0	0	0	0
IS	4690	0	0	0	0
IS	4691	0	0	0	0
IS	4692	0	0	0	0
IS	4693	0	0	0	0
IS	4694	0	0	0	0
IS	4695	0	0	0	0
IS	4696	0	0	0	0
IS	4697	0	0	0	0
IS	4698	0	0	0	0
IS	4699	0	0	0	0
IS	4700	0	0	0	0
IS	4701	0	0	0	0
IS	4702	0	0	0	0
IS	4703	0	0	0	0
IS	4704	0	0	0	0
IS	4705	0	0	0	0
IS	4706	0	0	0	0
IS	4707	0	0	0	0
IS	4708	0	0	0	0
IS	4709	0	0	0	0
IS	4710	0	0	0	0
IS	4711	0	0	0	0
IS	4712	0	0	0	0
IS	4713	0	0	0	0
IS	4714	0	0	0	0
IS	4715	0	0	0	0
IS	4716	0	0	0	0
IS	4717	0	0	0	0
IS	4718	0	0	0	0
IS	4719	0	0	0	0
IS	4720	0	0	0	0
IS	4721	0	0	0	0
IS	4722	0	0	0	0
IS	4723	0	0	0	0
IS	4724	0	0	0	0
IS	4725	0	0	0	0
IS	4726	0	0	0	0
IS	4727	0	0	0	0
IS	4728	0	0	0	0
IS	4729	0	0	0	0
IS	4730	0	0	0	0
IS	4731	0	0	0	0
IS	4732	0	0	0	0
IS	4733	0	0	0	0
IS	4734	0	0	0	0
IS	4735	0	0	0	0
IS	4736	0	0	0	0
IS	4737	0	0	0	0
IS	4738	0	0	0	0
IS	4739	0	0	0	0
IS	4740	0	0	0	0
IS	4741	0	0	0	0
IS	4742	0	0	0	0
IS	4743	0	0	0	0
IS	4744	0	0	0	0
IS	4745	0	0	0	0
IS	4746	0	0	0	0
IS	4747	0	0	0	0
IS	4748	0	0	0	0
IS	4749	0	0	0	0
IS	4750	0	0	0	0
IS	4751	0	0	0	0
IS	4752	0	0	0	0
IS	4753	0	0	0	0
IS	4754	0	0	0	0
IS	4755	0	0	0	0
IS	4756	0	0	0	0
IS	4757	0	0	0	0
IS	4758	0	0	0	0
IS	4759	0	0	0	0
IS	4760	0	0	0	0
IS	4761	0	0	0	0
IS	4762	0	0	0	0
IS	4763	0	0	0	0
IS	4764	0	0	0	0
IS	4765	0	0	0	0
IS	4766	0	0	0	0
IS	4767	0	0	0	0
IS	4768	0	0	0	0
IS	4769	0	0	0	0
IS	4770	0	0	0	0
IS	4771	0	0	0	0
IS	4772	0	0	0	0
IS	4773	0	0	0	0
IS	4774	0	0	0	0
IS	4775	0	0	0	0
IS	4776	0	0	0	0
IS	4777	0	0	0	0
IS	4778	0	0	0	0
IS	4779	0	0	0	0
IS	4780	0	0	0	0
IS	4781	0	0	0	0
IS	4782	0	0	0	0
IS	4783	0	0	0	0
IS	4784	0	0	0	0
IS	4785	0	0	0	0
IS	4786	0	0	0	0
IS	4787	0	0	0	0
IS	4788	0	0	0	0
IS	4789	0	0	0	0
IS	4790	0	0	0	0
IS	4791	0	0	0	0
IS	4792	0	0	0	0
IS	4793	0	0	0	0
IS	4794	0	0	0	0
IS	4795	0	0	0	0
IS	4796	0	0	0	0
IS	4797	0	0	0	0
IS	4798	0	0	0	0
IS	4799	0	0	0	0
IS	4800	0	0	0	0
IS	4801	0	0	0	0
IS	4802	0	0	0	0
IS	4803	0	0	0	0
IS	4804	0	0	0	0
IS	4805	0	0	0	0
IS	4806	0	0	0	0
IS	4807	0	0	0	0
IS	4808	0	0	0	0
IS	4809	0	0	0	0
IS	4810	0	0	0	0
IS	4811	0	0	0	0
IS	4812	0	0	0	0
IS	4813	0	0	0	0
IS	4814	0	0	0	0
IS	4815	0	0	0	0
IS	4816	0	0	0	0
IS	4817	0	0	0	0
IS	4818	0	0	0	0
IS	4819	0	0	0	0
IS	4820	0	0	0	0
IS	4821	0	0	0	0
IS	4822	0	0	0	0
IS	4823	0	0	0	0
IS	4824	0	0	0	0
IS	4825	0	0	0	0
IS	4826	0	0	0	0
IS	4827	0	0	0	0
IS	4828	0	0	0	0
IS	4829	0	0	0	0
IS	4830	0	0	0	0
IS	4831	0	0	0	0
IS	4832	0	0	0	0
IS	4833	0	0	0	0
IS	4834	0	0	0	0
IS	4835	0	0	0	0
IS	4836	0	0	0	0
IS	4837	0	0	0	0
IS	4838	0	0	0	0
IS	4839	0	0	0	0
IS	4840	0	0	0	0
IS	4841	0	0	0	0
IS	4842	0	0	0	0
IS	4843	0	0	0	0
IS	4844	0	0	0	0
IS	4845	0	0	0	0
IS	4846	0	0	0	0
IS	4847	0	0	0	0
IS	4848	0	0	0	0
IS	4849	0	0	0	0
IS	4850	0	0	0	0
IS	4851	0	0	0	0
IS	4852	0	0	0	0
IS	4853	0	0	0	0
IS	4854	0	0	0	0
IS	4855	0	0	0	0
IS	4856	0	0	0	0
IS	4857	0	0	0	0
IS	4858	0	0	0	0
IS	4859	0	0	0	0
IS	4860	0	0	0	0
IS	4861	0	0	0	0
IS	4862	0	0	0	0
IS	4863	0	0	0	0
IS	4864	0	0	0	0
IS	4865	0	0	0	0
IS	4866	0	0	0	0
IS	4867	0	0	0	0
IS	4868	0	0	0	0
IS	4869	0	0	0	0
IS	4870	0	0	0	0
IS	4871	0	0	0	0
IS	4872	0	0	0	0
IS	4873	0	0	0	0
IS	4874	0	0	0	0
IS	4875	0	0	0	0
IS	4876	0	0	0	0
IS	4877	0	0	0	0
IS	4878	0	0	0	0
IS	4879	0	0	0	0
IS	4880	0	0	0	0
IS	4881	0	0	0	0
IS	4882	0	0	0	0
IS	4883	0	0	0	0
IS	4884	0	0	0	0
IS	4885	0	0	0	0
IS	4886	0	0	0	0
IS	4887	0	0	0	0
IS	4888	0	0	0	0
IS	4889	0	0	0	0
IS	4890	0	0	0	0
IS	4891	0	0	0	0
IS	4892	0	0	0	0
IS	4893	0	0	0	0
IS	4894	0	0	0	0
IS	4895	0	0	0	0
IS	4896	0	0	0	0
IS	4897	0	0	0	0
IS	4898	0	0	0	0
IS	4899	0	0	0	0
IS	4900	0	0	0	0
IS	4901	0	0	0	0
IS	4902	0	0	0	0
IS	4903	0	0	0	0
IS	4904	0	0	0	0
IS	4905	0	0	0	0
IS	4906	0	0	0	0
IS	4907	0	0	0	0
IS	4908	0	0	0	0
IS	4909	0	0	0	0
IS	4910	0	0	0	0
IS	4911	0	0	0	0
IS	4912	0	0	0	0
IS	4913	0	0	0	0
IS	4914	0	0	0	0
IS	4915	0	0	0	0
IS	4916	0	0	0	0
IS	4917	0	0	0	0
IS	4918	0	0	0	0
IS	4919	0	0	0	0
IS	4920	0	0	0	0
IS	4921	0	0	0	0
IS	4922	0	0	0	0
IS	4923	0	0	0	0
IS	4924	0	0	0	0
IS	4925	0	0	0	0
IS	4926	0	0	0	0
IS	4927	0	0	0	0
IS	4928	0	0	0	0
IS	4929	0	0	0	0
IS	4930	0	0	0	0
IS	4931	0	0	0	0
IS	4932	0	0	0	0
IS	4933	0	0	0	0
IS	4934	0	0	0	0
IS	4935	0	0	0	0
IS	4936	0	0	0	0
IS	4937	0	0	0	0
IS	4938	0	0	0	0
IS	4939	0	0	0	0
IS	4940	0	0	0	0
IS	4941	0	0	0	0
IS	4942	0	0	0	0
IS	4943	0	0	0	0
IS	4944	0	0	0	0
IS	4945	0	0	0	0
IS	4946	0	0	0	0
IS	4947	0	0	0	0
IS	4948	0	0	0	0
IS	4949	0	0	0	0
IS	4950	0	0	0	0
IS	4951	0	0	0	0
IS	4952	0	0	0	0
IS	4953	0	0	0	0
IS	4954	0	0	0	0
IS	4955	0	0	0	0
IS	4956	0	0	0	0
IS	4957	0	0	0	0
IS	4958	0	0	0	0
IS	4959	0	0	0	0
IS	4960	0	0	0	0
IS	4961	0	0	0	0
IS	4962	0	0	0	0
IS	4963	0	0	0	0
IS	4964	0	0	0	0
IS	4965	0	0	0	0
IS	4966	0	0	0	0
IS	4967	0	0	0	0
IS	4968	0	0	0	0
IS	4969	0	0	0	0
IS	4970	0	0	0	0
IS	4971	0	0	0	0
IS	4972	0	0	0	0
IS	4973	0	0	0	0
IS	4974	0	0	0	0
IS	4975	0	0	0	0
IS	4976	0	0	0	0
IS	4977	0	0	0	0
IS	4978	0	0	0	0
IS	4979	0	0	0	0
IS	4980	0	0	0	0
IS	4981	0	0	0	0
IS	4982	0	0	0	0
IS	4983	0	0	0	0
IS	4984	0	0	0	0
IS	4985	0	0	0	0
IS	4986	0	0	0	0
IS	4987	0	0	0	0
IS	4988	0	0	0	0
IS	4989	0	0	0	0
IS	4990	0	0	0	0
IS	4991	0	0	0	0
IS	4992	0	0	0	0
IS	4993	0	0	0	0
IS	4994	0	0	0	0
IS	4995	0	0	0	0
IS	4996	0	0	0	0
IS	4997	0	0	0	0
IS	4998	0	0	0	0
IS	4999	0	0	0	0
IS	5000	0	0	0	0
IS	5001	0	0	0	0
IS	5002	0	0	0	0
IS	5003	0	0	0	0
IS	5004	0	0	0	0
IS	5005	0	0	0	0
IS	5006	0	0	0	0
IS	5007	0	0	0	0
IS	5008	0	0	0	0
IS	5009	0	0	0	0
IS	5010	0	0	0	0
IS	5011	0	0	0	0
IS	5012	0	0	0	0
IS	5013	0	0	0	0
IS	5014	0	0	0	0
IS	5015	0	0	0	0
IS	5016	0	0	0	0
IS	5017	0	0	0	0
IS	5018	0	0	0	0
IS	5019	0	0	0	0
IS	5020	0	0	0	0
IS	5021	0	0	0	0
IS	5022	0	0	0	0
IS	5023	0	0	0	0
IS	5024	0	0	0	0
IS	5025	0	0	0	0
IS	5026	0	0	0	0
IS	5027	0	0	0	0
IS	5028	0	0	0	0
IS	5029	0	0	0	0
IS	5030	0	0	0	0
IS	5031	0	0	0	0
IS	5032	0	0	0	0
IS	5033	0	0	0	0
IS	5034	0	0	0	0
IS	5035	0	0	0	0
IS	5036	0	0	0	0
IS	5037	0	0	0	0
IS	5038	0	0	0	0
IS	5039	0	0	0	0
IS	5040	0	0	0	0
IS	5041	0	0	0	0
IS	5042	0	0	0	0
IS	5043	0	0	0	0
IS	5044	0	0	0	0
IS	5045	0	0	0	0
IS	5046	0	0	0	0
IS	5047	0	0	0	0
IS	5048	0	0	0	0
IS	5049	0	0	0	0
IS	5050	0	0	0	0
IS	5051	0	0	0	0
IS	5052	0	0	0	0
IS	5053	0	0	0	0
IS	5054	0	0	0	0
IS	5055	0	0	0	0
IS	5056	0	0	0	0
IS	5057	0	0	0	0
IS	5058	0	0	0	0
IS	5059	0	0	0	0
IS	5060	0	0	0	0
IS	5061	0	0	0	0
IS	5062	0	0	0	0
IS	5063	0	0	0	0
IS	5064	0	0	0	0
IS	5065	0	0	0	0
IS	5066	0	0	0	0
IS	5067	0	0	0	0
IS	5068	0	0	0	0
IS	5069	0	0	0	0
IS	5070	1	1	0	0
IS	5071	0	0	0	0
IS	5072	0	0	0	0
IS	5073	0	0	0	0
IS	5074	0	0	0	0
IS	5075	0	0	0	0
IS	5076	0	0	0	0
IS	5077	0	0	0	0
IS	5078	0	0	0	0
IS	5079	0	0	0	0
IS	5080	0	0	0	0
IS	5081	0	0	0	0
IS	5082	0	0	0	0
IS	5083	0	0	0	0
IS	5084	1	1	0	0
IS	5085	0	0	0	0
IS	5086	0	0	0	0
IS	5087	0	0	0	0
IS	5088	0	0	0	0
IS	5089	0	0	0	0
IS	5090	0	0	0	0
IS	5091	0	0	0	0
IS	5092	0	0	0	0
IS	5093	0	0	0	0
IS	5094	0	0	0	0
IS	5095	0	0	0	0
IS	5096	0	0	0	0
IS	5097	0	0	0	0
IS	5098	0	0	0	0
IS	5099	0	0	0	0
IS	5100	0	0	0	0
IS	5101	0	0	0	0
IS	5102	0	0	0	0
IS	5103	0	0	0	0
IS	5104	0	0	0	0
IS	5105	0	0	0	0
IS	5106	0	0	0	0
IS	5107	0	0	0	0
IS	5108	0	0	0	0
IS	5109	0	0	0	0
IS	5110	0	0	0	0
IS	5111	0	0	0	0
IS	5112	0	0	0	0
IS	5113	0	0	0	0
IS	5114	0	0	0	0
IS	5115	0	0	0	0
IS	5116	0	0	0	0
IS	5117	0	0	0	0
IS	5118	0	0	0	0
IS	5119	0	0	0	0
IS	5120	0	0	0	0
IS	5121	0	0	0	0
IS	5122	0	0	0	0
IS	5123	0	0	0	0
IS	5124	0	0	0	0
IS	5125	0	0	0	0
IS	5126	0	0	0	0
IS	5127	0	0	0	0
IS	5128	0	0	0	0
IS	5129	0	0	0	0
IS	5130	0	0	0	0
IS	5131	0	0	0	0
IS	5132	0	0	0	0
IS	5133	1	1	0	0
IS	5134	0	0	0	0
IS	5135	0	0	0	0
IS	5136	0	0	0	0
IS	5137	0	0	0	0
IS	5138	0	0	0	0
IS	5139	0	0	0	0
IS	5140	0	0	0	0
IS	5141	0	0	0	0
IS	5142	0	0	0	0
IS	5143	0	0	0	0
IS	5144	0	0	0	0
IS	5145	0	0	0	0
IS	5146	0	0	0	0
IS	5147	0	0	0	0
IS	5148	0	0	0	0
IS	5149	0	0	0	0
IS	5150	0	0	0	0
IS	5151	0	0	0	0
IS	5152	0	0	0	0
IS	5153	0	0	0	0
IS	5154	0	0	0	0
IS	5155	0	0	0	0
IS	5156	0	0	0	0
IS	5157	0	0	0	0
IS	5158	0	0	0	0
IS	5159	0	0	0	0
IS	5160	0	0	0	0
IS	5161	0	0	0	0
IS	5162	0	0	0	0
IS	5163	0	0	0	0
IS	5164	0	0	0	0
IS	5165	0	0	0	0
IS	5166	0	0	0	0
IS	5167	0	0	0	0
IS	5168	0	0	0	0
IS	5169	0	0	0	0
IS	5170	0	0	0	0
IS	5171	0	0	0	0
IS	5172	0	0	0	0
IS	5173	0	0	0	0
IS	5174	0	0	0	0
IS	5175	0	0	0	0
IS	5176	0	0	0	0
IS	5177	0	0	0	0
IS	5178	0	0	0	0
IS	5179	0	0	0	0
IS	5180	0	0	0	0
IS	5181	0	0	0	0
IS	5182	0	0	0	0
IS	5183	0	0	0	0
IS	5184	0	0	0	0
IS	5185	0	0	0	0
IS	5186	0	0	0	0
IS	5187	0	0	0	0
IS	5188	0	0	0	0
IS	5189	0	0	0	0
IS	5190	0	0	0	0
IS	5191	0	0	0	0
IS	5192	0	0	0	0
IS	5193	0	0	0	0
IS	5194	0	0	0	0
IS	5195	0	0	0	0
IS	5196	0	0	0	0
IS	5197	0	0	0	0
IS	5198	0	0	0	0
IS	5199	0	0	0	0
IS	5200	0	0	0	0
IS	5201	0	0	0	0
IS	5202	0	0	0	0
IS	5203	0	0	0	0
IS	5204	0	0	0	0
IS	5205	0	0	0	0
IS	5206	0	0	0	0
IS	5207	0	0	0	0
IS	5208	0	0	0	0
IS	5209	0	0	0	0
IS	5210	0	0	0	0
IS	5211	0	0	0	0
IS	5212	0	0	0	0
IS	5213	0	0	0	0
IS	5214	0	0	0	0
IS	5215	0	0	0	0
IS	5216	0	0	0	0
IS	5217	0	0	0	0
IS	5218	0	0	0	0
IS	5219	0	0	0	0
IS	5220	0	0	0	0
IS	5221	0	0	0	0
IS	5222	0	0	0	0
IS	5223	0	0	0	0
IS	5224	0	0	0	0
IS	5225	0	0	0	0
IS	5226	0	0	0	0
IS	5227	0	0	0	0
IS	5228	0	0	0	0
IS	5229	0	0	0	0
IS	5230	0	0	0	0
IS	5231	0	0	0	0
IS	5232	0	0	0	0
IS	5233	0	0	0	0
IS	5234	0	0	0	0
IS	5235	0	0	0	0
IS	5236	0	0	0	0
IS	5237	0	0	0	0
IS	5238	0	0	0	0
IS	5239	0	0	0	0
IS	5240	0	0	0	0
IS	5241	0	0	0	0
IS	5242	0	0	0	0
IS	5243	0	0	0	0
IS	5244	0	0	0	0
IS	5245	0	0	0	0
IS	5246	0	0	0	0
IS	5247	0	0	0	0
IS	5248	0	0	0	0
IS	5249	0	0	0	0
IS	5250	0	0	0	0
IS	5251	0	0	0	0
IS	5252	0	0	0	0
IS	5253	0	0	0	0
IS	5254	0	0	0	0
IS	5255	0	0	0	0
IS	5256	0	0	0	0
IS	5257	0	0	0	0
IS	5258	1	1	0	0
IS	5259	0	0	0	0
IS	5260	0	0	0	0
IS	5261	0	0	0	0
IS	5262	0	0	0	0
IS	5263	0	0	0	0
IS	5264	0	0	0	0
IS	5265	0	0	0	0
IS	5266	0	0	0	0
IS	5267	0	0	0	0
IS	5268	0	0	0	0
IS	5269	0	0	0	0
IS	5270	0	0	0	0
IS	5271	0	0	0	0
IS	5272	0	0	0	0
IS	5273	0	0	0	0
IS	5274	0	0	0	0
IS	5275	0	0	0	0
IS	5276	0	0	0	0
IS	5277	0	0	0	0
IS	5278	0	0	0	0
IS	5279	0	0	0	0
IS	5280	0	0	0	0
IS	5281	0	0	0	0
IS	5282	0	0	0	0
IS	5283	0	0	0	0
IS	5284	0	0	0	0
IS	5285	0	0	0	0
IS	5286	0	0	0	0
IS	5287	0	0	0	0
IS	5288	0	0	0	0
IS	5289	0	0	0	0
IS	5290	0	0	0	0
IS	5291	0	0	0	0
IS	5292	0	0	0	0
IS	5293	0	0	0	0
IS	5294	0	0	0	0
IS	5295	0	0	0	0
IS	5296	0	0	0	0
IS	5297	0	0	0	0
IS	5298	0	0	0	0
IS	5299	0	0	0	0
IS	5300	0	0	0	0
IS	5301	0	0	0	0
IS	5302	0	0	0	0
IS	5303	0	0	0	0
IS	5304	0	0	0	0
IS	5305	0	0	0	0
IS	5306	0	0	0	0
IS	5307	0	0	0	0
IS	5308	0	0	0	0
IS	5309	0	0	0	0
IS	5310	0	0	0	0
IS	5311	0	0	0	0
IS	5312	0	0	0	0
IS	5313	0	0	0	0
IS	5314	0	0	0	0
IS	5315	0	0	0	0
IS	5316	0	0	0	0
IS	5317	0	0	0	0
IS	5318	0	0	0	0
IS	5319	0	0	0	0
IS	5320	0	0	0	0
IS	5321	0	0	0	0
IS	5322	0	0	0	0
IS	5323	0	0	0	0
IS	5324	0	0	0	0
IS	5325	0	0	0	0
IS	5326	0	0	0	0
IS	5327	0	0	0	0
IS	5328	0	0	0	0
IS	5329	0	0	0	0
IS	5330	0	0	0	0
IS	5331	0	0	0	0
IS	5332	0	0	0	0
IS	5333	0	0	0	0
IS	5334	0	0	0	0
IS	5335	0	0	0	0
IS	5336	0	0	0	0
IS	5337	0	0	0	0
IS	5338	0	0	0	0
IS	5339	0	0	0	0
IS	5340	0	0	0	0
IS	5341	0	0	0	0
IS	5342	0	0	0	0
IS	5343	0	0	0	0
IS	5344	0	0	0	0
IS	5345	0	0	0	0
IS	5346	0	0	0	0
IS	5347	0	0	0	0
IS	5348	0	0	0	0
IS	5349	0	0	0	0
IS	5350	0	0	0	0
IS	5351	0	0	0	0
IS	5352	0	0	0	0
IS	5353	0	0	0	0
IS	5354	0	0	0	0
IS	5355	0	0	0	0
IS	5356	0	0	0	0
IS	5357	0	0	0	0
IS	5358	0	0	0	0
IS	5359	0	0	0	0
IS	5360	0	0	0	0
IS	5361	0	0	0	0
IS	5362	0	0	0	0
IS	5363	0	0	0	0
IS	5364	0	0	0	0
IS	5365	0	0	0	0
IS	5366	0	0	0	0
IS	5367	0	0	0	0
IS	5368	0	0	0	0
IS	5369	0	0	0	0
IS	5370	0	0	0	0
IS	5371	0	0	0	0
IS	5372	0	0	0	0
IS	5373	0	0	0	0
IS	5374	0	0	0	0
IS	5375	0	0	0	0
IS	5376	0	0	0	0
IS	5377	0	0	0	0
IS	5378	0	0	0	0
IS	5379	0	0	0	0
IS	5380	0	0	0	0
IS	5381	0	0	0	0
IS	5382	0	0	0	0
IS	5383	0	0	0	0
IS	5384	0	0	0	0
IS	5385	0	0	0	0
IS	5386	0	0	0	0
IS	5387	0	0	0	0
IS	5388	0	0	0	0
IS	5389	0	0	0	0
IS	5390	0	0	0	0
IS	5391	0	0	0	0
IS	5392	0	0	0	0
IS	5393	0	0	0	0
IS	5394	0	0	0	0
IS	5395	0	0	0	0
IS	5396	0	0	0	0
IS	5397	0	0	0	0
IS	5398	0	0	0	0
IS	5399	0	0	0	0
IS	5400	0	0	0	0
IS	5401	0	0	0	0
IS	5402	0	0	0	0
IS	5403	0	0	0	0
IS	5404	0	0	0	0
IS	5405	0	0	0	0
IS	5406	0	0	0	0
IS	5407	0	0	0	0
IS	5408	0	0	0	0
IS	5409	0	0	0	0
IS	5410	0	0	0	0
IS	5411	0	0	0	0
IS	5412	0	0	0	0
IS	5413	0	0	0	0
IS	5414	0	0	0	0
IS	5415	0	0	0	0
IS	5416	0	0	0	0
IS	5417	0	0	0	0
IS	5418	0	0	0	0
IS	5419	0	0	0	0
IS	5420	0	0	0	0
IS	5421	0	0	0	0
IS	5422	0	0	0	0
IS	5423	0	0	0	0
IS	5424	0	0	0	0
IS	5425	0	0	0	0
IS	5426	0	0	0	0
IS	5427	0	0	0	0
IS	5428	0	0	0	0
IS	5429	0	0	0	0
IS	5430	0	0	0	0
IS	5431	0	0	0	0
IS	5432	0	0	0	0
IS	5433	0	0	0	0
IS	5434	0	0	0	0
IS	5435	0	0	0	0
IS	5436	0	0	0	0
IS	5437	0	0	0	0
IS	5438	0	0	0	0
IS	5439	0	0	0	0
IS	5440	0	0	0	0
IS	5441	0	0	0	0
IS	5442	0	0	0	0
IS	5443	0	0	0	0
IS	5444	0	0	0	0
IS	5445	0	0	0	0
IS	5446	0	0	0	0
IS	5447	0	0	0	0
IS	5448	0	0	0	0
IS	5449	0	0	0	0
IS	5450	0	0	0	0
IS	5451	0	0	0	0
IS	5452	0	0	0	0
IS	5453	0	0	0	0
IS	5454	0	0	0	0
IS	5455	0	0	0	0
IS	5456	0	0	0	0
IS	5457	1	1	0	0
IS	5458	0	0	0	0
IS	5459	0	0	0	0
IS	5460	0	0	0	0
IS	5461	0	0	0	0
IS	5462	0	0	0	0
IS	5463	0	0	0	0
IS	5464	0	0	0	0
IS	5465	0	0	0	0
IS	5466	0	0	0	0
IS	5467	0	0	0	0
IS	5468	0	0	0	0
IS	5469	0	0	0	0
IS	5470	0	0	0	0
IS	5471	0	0	0	0
IS	5472	0	0	0	0
IS	5473	0	0	0	0
IS	5474	0	0	0	0
IS	5475	0	0	0	0
IS	5476	0	0	0	0
IS	5477	0	0	0	0
IS	5478	0	0	0	0
IS	5479	0	0	0	0
IS	5480	0	0	0	0
IS	5481	0	0	0	0
IS	5482	0	0	0	0
IS	5483	0	0	0	0
IS	5484	0	0	0	0
IS	5485	0	0	0	0
IS	5486	0	0	0	0
IS	5487	0	0	0	0
IS	5488	0	0	0	0
IS	5489	0	0	0	0
IS	5490	0	0	0	0
IS	5491	0	0	0	0
IS	5492	0	0	0	0
IS	5493	0	0	0	0
IS	5494	0	0	0	0
IS	5495	0	0	0	0
IS	5496	0	0	0	0
IS	5497	0	0	0	0
IS	5498	0	0	0	0
IS	5499	0	0	0	0
IS	5500	0	0	0	0
IS	5501	0	0	0	0
IS	5502	1	1	0	0
IS	5503	0	0	0	0
IS	5504	0	0	0	0
IS	5505	0	0	0	0
IS	5506	0	0	0	0
IS	5507	0	0	0	0
IS	5508	0	0	0	0
IS	5509	0	0	0	0
IS	5510	0	0	0	0
IS	5511	0	0	0	0
IS	5512	0	0	0	0
IS	5513	0	0	0	0
IS	5514	0	0	0	0
IS	5515	0	0	0	0
IS	5516	0	0	0	0
IS	5517	0	0	0	0
IS	5518	0	0	0	0
IS	5519	0	0	0	0
IS	5520	0	0	0	0
IS	5521	0	0	0	0
IS	5522	0	0	0	0
IS	5523	0	0	0	0
IS	5524	0	0	0	0
IS	5525	0	0	0	0
IS	5526	0	0	0	0
IS	5527	0	0	0	0
IS	5528	0	0	0	0
IS	5529	0	0	0	0
IS	5530	0	0	0	0
IS	5531	0	0	0	0
IS	5532	0	0	0	0
IS	5533	0	0	0	0
IS	5534	0	0	0	0
IS	5535	0	0	0	0
IS	5536	0	0	0	0
IS	5537	0	0	0	0
IS	5538	0	0	0	0
IS	5539	0	0	0	0
IS	5540	0	0	0	0
IS	5541	0	0	0	0
IS	5542	0	0	0	0
IS	5543	0	0	0	0
IS	5544	0	0	0	0
IS	5545	0	0	0	0
IS	5546	0	0	0	0
IS	5547	0	0	0	0
IS	5548	0	0	0	0
IS	5549	0	0	0	0
IS	5550	0	0	0	0
IS	5551	0	0	0	0
IS	5552	0	0	0	0
IS	5553	0	0	0	0
IS	5554	0	0	0	0
IS	5555	0	0	0	0
IS	5556	0	0	0	0
IS	5557	0	0	0	0
IS	5558	0	0	0	0
IS	5559	0	0	0	0
IS	5560	0	0	0	0
IS	5561	0	0	0	0
IS	5562	0	0	0	0
IS	5563	0	0	0	0
IS	5564	0	0	0	0
IS	5565	0	0	0	0
IS	5566	0	0	0	0
IS	5567	0	0	0	0
IS	5568	0	0	0	0
IS	5569	0	0	0	0
IS	5570	0	0	0	0
IS	5571	0	0	0	0
IS	5572	0	0	0	0
IS	5573	0	0	0	0
IS	5574	0	0	0	0
IS	5575	0	0	0	0
IS	5576	0	0	0	0
IS	5577	0	0	0	0
IS	5578	0	0	0	0
IS	5579	0	0	0	0
IS	5580	0	0	0	0
IS	5581	0	0	0	0
IS	5582	0	0	0	0
IS	5583	0	0	0	0
IS	5584	0	0	0	0
IS	5585	0	0	0	0
IS	5586	0	0	0	0
IS	5587	0	0	0	0
IS	5588	0	0	0	0
IS	5589	0	0	0	0
IS	5590	0	0	0	0
IS	5591	0	0	0	0
IS	5592	0	0	0	0
IS	5593	0	0	0	0
IS	5594	0	0	0	0
IS	5595	0	0	0	0
IS	5596	0	0	0	0
IS	5597	0	0	0	0
IS	5598	0	0	0	0
IS	5599	0	0	0	0
IS	5600	0	0	0	0
IS	5601	0	0	0	0
IS	5602	0	0	0	0
IS	5603	0	0	0	0
IS	5604	0	0	0	0
IS	5605	0	0	0	0
IS	5606	0	0	0	0
IS	5607	0	0	0	0
IS	5608	0	0	0	0
IS	5609	0	0	0	0
IS	5610	0	0	0	0
IS	5611	0	0	0	0
IS	5612	0	0	0	0
IS	5613	0	0	0	0
IS	5614	0	0	0	0
IS	5615	0	0	0	0
IS	5616	0	0	0	0
IS	5617	0	0	0	0
IS	5618	0	0	0	0
IS	5619	0	0	0	0
IS	5620	0	0	0	0
IS	5621	0	0	0	0
IS	5622	0	0	0	0
IS	5623	0	0	0	0
IS	5624	0	0	0	0
IS	5625	0	0	0	0
IS	5626	0	0	0	0
IS	5627	0	0	0	0
IS	5628	0	0	0	0
IS	5629	0	0	0	0
IS	5630	0	0	0	0
IS	5631	0	0	0	0
IS	5632	0	0	0	0
IS	5633	0	0	0	0
IS	5634	0	0	0	0
IS	5635	0	0	0	0
IS	5636	0	0	0	0
IS	5637	0	0	0	0
IS	5638	0	0	0	0
IS	5639	0	0	0	0
IS	5640	0	0	0	0
IS	5641	0	0	0	0
IS	5642	0	0	0	0
IS	5643	0	0	0	0
IS	5644	0	0	0	0
IS	5645	0	0	0	0
IS	5646	0	0	0	0
IS	5647	0	0	0	0
IS	5648	0	0	0	0
IS	5649	0	0	0	0
IS	5650	0	0	0	0
IS	5651	0	0	0	0
IS	5652	0	0	0	0
IS	5653	0	0	0	0
IS	5654	0	0	0	0
IS	5655	0	0	0	0
IS	5656	0	0	0	0
IS	5657	0	0	0	0
IS	5658	0	0	0	0
IS	5659	0	0	0	0
IS	5660	0	0	0	0
IS	5661	0	0	0	0
IS	5662	0	0	0	0
IS	5663	0	0	0	0
IS	5664	0	0	0	0
IS	5665	0	0	0	0
IS	5666	0	0	0	0
IS	5667	0	0	0	0
IS	5668	0	0	0	0
IS	5669	0	0	0	0
IS	5670	0	0	0	0
IS	5671	0	0	0	0
IS	5672	0	0	0	0
IS	5673	0	0	0	0
IS	5674	0	0	0	0
IS	5675	0	0	0	0
IS	5676	0	0	0	0
IS	5677	0	0	0	0
IS	5678	0	0	0	0
IS	5679	0	0	0	0
IS	5680	0	0	0	0
IS	5681	0	0	0	0
IS	5682	0	0	0	0
IS	5683	0	0	0	0
IS	5684	0	0	0	0
IS	5685	0	0	0	0
IS	5686	0	0	0	0
IS	5687	0	0	0	0
IS	5688	0	0	0	0
IS	5689	0	0	0	0
IS	5690	0	0	0	0
IS	5691	0	0	0	0
IS	5692	0	0	0	0
IS	5693	0	0	0	0
IS	5694	0	0	0	0
IS	5695	0	0	0	0
IS	5696	0	0	0	0
IS	5697	0	0	0	0
IS	5698	0	0	0	0
IS	5699	0	0	0	0
IS	5700	0	0	0	0
IS	5701	0	0	0	0
IS	5702	0	0	0	0
IS	5703	0	0	0	0
IS	5704	0	0	0	0
IS	5705	0	0	0	0
IS	5706	0	0	0	0
IS	5707	0	0	0	0
IS	5708	0	0	0	0
IS	5709	0	0	0	0
IS	5710	0	0	0	0
IS	5711	0	0	0	0
IS	5712	0	0	0	0
IS	5713	0	0	0	0
IS	5714	0	0	0	0
IS	5715	0	0	0	0
IS	5716	0	0	0	0
IS	5717	0	0	0	0
IS	5718	0	0	0	0
IS	5719	0	0	0	0
IS	5720	0	0	0	0
IS	5721	0	0	0	0
IS	5722	0	0	0	0
IS	5723	0	0	0	0
IS	5724	0	0	0	0
IS	5725	0	0	0	0
IS	5726	0	0	0	0
IS	5727	0	0	0	0
IS	5728	0	0	0	0
IS	5729	0	0	0	0
IS	5730	0	0	0	0
IS	5731	0	0	0	0
IS	5732	0	0	0	0
IS	5733	0	0	0	0
IS	5734	0	0	0	0
IS	5735	0	0	0	0
IS	5736	0	0	0	0
IS	5737	0	0	0	0
IS	5738	0	0	0	0
IS	5739	0	0	0	0
IS	5740	0	0	0	0
IS	5741	0	0	0	0
IS	5742	0	0	0	0
IS	5743	0	0	0	0
IS	5744	0	0	0	0
IS	5745	0	0	0	0
IS	5746	0	0	0	0
IS	5747	0	0	0	0
IS	5748	0	0	0	0
IS	5749	0	0	0	0
IS	5750	0	0	0	0
IS	5751	0	0	0	0
IS	5752	0	0	0	0
IS	5753	0	0	0	0
IS	5754	0	0	0	0
IS	5755	0	0	0	0
IS	5756	0	0	0	0
IS	5757	0	0	0	0
IS	5758	0	0	0	0
IS	5759	0	0	0	0
IS	5760	0	0	0	0
IS	5761	0	0	0	0
IS	5762	0	0	0	0
IS	5763	1	1	0	0
IS	5764	0	0	0	0
IS	5765	0	0	0	0
IS	5766	0	0	0	0
IS	5767	0	0	0	0
IS	5768	0	0	0	0
IS	5769	0	0	0	0
IS	5770	0	0	0	0
IS	5771	0	0	0	0
IS	5772	0	0	0	0
IS	5773	0	0	0	0
IS	5774	0	0	0	0
IS	5775	0	0	0	0
IS	5776	0	0	0	0
IS	5777	0	0	0	0
IS	5778	0	0	0	0
IS	5779	0	0	0	0
IS	5780	0	0	0	0
IS	5781	0	0	0	0
IS	5782	0	0	0	0
IS	5783	0	0	0	0
IS	5784	0	0	0	0
IS	5785	0	0	0	0
IS	5786	0	0	0	0
IS	5787	0	0	0	0
IS	5788	0	0	0	0
IS	5789	0	0	0	0
IS	5790	0	0	0	0
IS	5791	0	0	0	0
IS	5792	0	0	0	0
IS	5793	0	0	0	0
IS	5794	0	0	0	0
IS	5795	0	0	0	0
IS	5796	0	0	0	0
IS	5797	0	0	0	0
IS	5798	0	0	0	0
IS	5799	0	0	0	0
IS	5800	0	0	0	0
IS	5801	0	0	0	0
IS	5802	0	0	0	0
IS	5803	0	0	0	0
IS	5804	0	0	0	0
IS	5805	0	0	0	0
IS	5806	0	0	0	0
IS	5807	0	0	0	0
IS	5808	0	0	0	0
IS	5809	0	0	0	0
IS	5810	0	0	0	0
IS	5811	0	0	0	0
IS	5812	0	0	0	0
IS	5813	0	0	0	0
IS	5814	0	0	0	0
IS	5815	0	0	0	0
IS	5816	0	0	0	0
IS	5817	0	0	0	0
IS	5818	0	0	0	0
IS	5819	0	0	0	0
IS	5820	0	0	0	0
IS	5821	0	0	0	0
IS	5822	0	0	0	0
IS	5823	0	0	0	0
IS	5824	0	0	0	0
IS	5825	0	0	0	0
IS	5826	0	0	0	0
IS	5827	0	0	0	0
IS	5828	0	0	0	0
IS	5829	0	0	0	0
IS	5830	0	0	0	0
IS	5831	0	0	0	0
IS	5832	0	0	0	0
IS	5833	0	0	0	0
IS	5834	0	0	0	0
IS	5835	0	0	0	0
IS	5836	0	0	0	0
IS	5837	0	0	0	0
IS	5838	0	0	0	0
IS	5839	0	0	0	0
IS	5840	0	0	0	0
IS	5841	0	0	0	0
IS	5842	0	0	0	0
IS	5843	0	0	0	0
IS	5844	0	0	0	0
IS	5845	0	0	0	0
IS	5846	0	0	0	0
IS	5847	0	0	0	0
IS	5848	0	0	0	0
IS	5849	0	0	0	0
IS	5850	0	0	0	0
IS	5851	0	0	0	0
IS	5852	0	0	0	0
IS	5853	0	0	0	0
IS	5854	0	0	0	0
IS	5855	0	0	0	0
IS	5856	0	0	0	0
IS	5857	0	0	0	0
IS	5858	0	0	0	0
IS	5859	0	0	0	0
IS	5860	0	0	0	0
IS	5861	0	0	0	0
IS	5862	0	0	0	0
IS	5863	0	0	0	0
IS	5864	0	0	0	0
IS	5865	0	0	0	0
IS	5866	0	0	0	0
IS	5867	0	0	0	0
IS	5868	0	0	0	0
IS	5869	0	0	0	0
IS	5870	0	0	0	0
IS	5871	0	0	0	0
IS	5872	0	0	0	0
IS	5873	0	0	0	0
IS	5874	0	0	0	0
IS	5875	0	0	0	0
IS	5876	0	0	0	0
IS	5877	0	0	0	0
IS	5878	0	0	0	0
IS	5879	0	0	0	0
IS	5880	0	0	0	0
IS	5881	0	0	0	0
IS	5882	0	0	0	0
IS	5883	0	0	0	0
IS	5884	0	0	0	0
IS	5885	0	0	0	0
IS	5886	0	0	0	0
IS	5887	0	0	0	0
IS	5888	0	0	0	0
IS	5889	0	0	0	0
IS	5890	0	0	0	0
IS	5891	0	0	0	0
IS	5892	0	0	0	0
IS	5893	0	0	0	0
IS	5894	0	0	0	0
IS	5895	0	0	0	0
IS	5896	0	0	0	0
IS	5897	0	0	0	0
IS	5898	0	0	0	0
IS	5899	0	0	0	0
IS	5900	0	0	0	0
IS	5901	0	0	0	0
IS	5902	0	0	0	0
IS	5903	0	0	0	0
IS	5904	0	0	0	0
IS	5905	0	0	0	0
IS	5906	0	0	0	0
IS	5907	0	0	0	0
IS	5908	0	0	0	0
IS	5909	0	0	0	0
IS	5910	0	0	0	0
IS	5911	0	0	0	0
IS	5912	0	0	0	0
IS	5913	0	0	0	0
IS	5914	0	0	0	0
IS	5915	0	0	0	0
IS	5916	0	0	0	0
IS	5917	0	0	0	0
IS	5918	0	0	0	0
IS	5919	0	0	0	0
IS	5920	0	0	0	0
IS	5921	0	0	0	0
IS	5922	0	0	0	0
IS	5923	0	0	0	0
IS	5924	0	0	0	0
IS	5925	0	0	0	0
IS	5926	0	0	0	0
IS	5927	0	0	0	0
IS	5928	0	0	0	0
IS	5929	0	0	0	0
IS	5930	0	0	0	0
IS	5931	0	0	0	0
IS	5932	0	0	0	0
IS	5933	0	0	0	0
IS	5934	0	0	0	0
IS	5935	0	0	0	0
IS	5936	0	0	0	0
IS	5937	0	0	0	0
IS	5938	0	0	0	0
IS	5939	0	0	0	0
IS	5940	0	0	0	0
IS	5941	0	0	0	0
IS	5942	1	1	0	0
IS	5943	0	0	0	0
IS	5944	0	0	0	0
IS	5945	0	0	0	0
IS	5946	0	0	0	0
IS	5947	0	0	0	0
IS	5948	0	0	0	0
IS	5949	0	0	0	0
IS	5950	0	0	0	0
IS	5951	0	0	0	0
IS	5952	0	0	0	0
IS	5953	0	0	0	0
IS	5954	0	0	0	0
IS	5955	0	0	0	0
IS	5956	0	0	0	0
IS	5957	0	0	0	0
IS	5958	0	0	0	0
IS	5959	0	0	0	0
IS	5960	0	0	0	0
IS	5961	0	0	0	0
IS	5962	0	0	0	0
IS	5963	0	0	0	0
IS	5964	0	0	0	0
IS	5965	0	0	0	0
IS	5966	0	0	0	0
IS	5967	0	0	0	0
IS	5968	0	0	0	0
IS	5969	0	0	0	0
IS	5970	0	0	0	0
IS	5971	0	0	0	0
IS	5972	0	0	0	0
IS	5973	0	0	0	0
IS	5974	0	0	0	0
IS	5975	0	0	0	0
IS	5976	0	0	0	0
IS	5977	0	0	0	0
IS	5978	0	0	0	0
IS	5979	0	0	0	0
IS	5980	0	0	0	0
IS	5981	0	0	0	0
IS	5982	0	0	0	0
IS	5983	0	0	0	0
IS	5984	0	0	0	0
IS	5985	0	0	0	0
IS	5986	0	0	0	0
IS	5987	0	0	0	0
IS	5988	0	0	0	0
IS	5989	0	0	0	0
IS	5990	0	0	0	0
IS	5991	0	0	0	0
IS	5992	0	0	0	0
IS	5993	0	0	0	0
IS	5994	0	0	0	0
IS	5995	0	0	0	0
IS	5996	0	0	0	0
IS	5997	1	1	0	0
IS	5998	0	0	0	0
IS	5999	0	0	0	0
IS	6000	0	0	0	0
IS	6001	0	0	0	0
IS	6002	0	0	0	0
IS	6003	0	0	0	0
IS	6004	0	0	0	0
IS	6005	0	0	0	0
IS	6006	0	0	0	0
IS	6007	0	0	0	0
IS	6008	0	0	0	0
IS	6009	0	0	0	0
IS	6010	0	0	0	0
IS	6011	0	0	0	0
IS	6012	0	0	0	0
IS	6013	0	0	0	0
IS	6014	0	0	0	0
IS	6015	0	0	0	0
IS	6016	0	0	0	0
IS	6017	0	0	0	0
IS	6018	0	0	0	0
IS	6019	0	0	0	0
IS	6020	0	0	0	0
IS	6021	0	0	0	0
IS	6022	0	0	0	0
IS	6023	0	0	0	0
IS	6024	0	0	0	0
IS	6025	0	0	0	0
IS	6026	0	0	0	0
IS	6027	0	0	0	0
IS	6028	0	0	0	0
IS	6029	0	0	0	0
IS	6030	0	0	0	0
IS	6031	0	0	0	0
IS	6032	0	0	0	0
IS	6033	0	0	0	0
IS	6034	0	0	0	0
IS	6035	0	0	0	0
IS	6036	0	0	0	0
IS	6037	0	0	0	0
IS	6038	0	0	0	0
IS	6039	0	0	0	0
IS	6040	0	0	0	0
IS	6041	0	0	0	0
IS	6042	0	0	0	0
IS	6043	0	0	0	0
IS	6044	0	0	0	0
IS	6045	0	0	0	0
IS	6046	0	0	0	0
IS	6047	0	0	0	0
IS	6048	0	0	0	0
IS	6049	0	0	0	0
IS	6050	0	0	0	0
IS	6051	0	0	0	0
IS	6052	0	0	0	0
IS	6053	0	0	0	0
IS	6054	0	0	0	0
IS	6055	0	0	0	0
IS	6056	0	0	0	0
IS	6057	0	0	0	0
IS	6058	0	0	0	0
IS	6059	0	0	0	0
IS	6060	0	0	0	0
IS	6061	0	0	0	0
IS	6062	0	0	0	0
IS	6063	0	0	0	0
IS	6064	0	0	0	0
IS	6065	0	0	0	0
IS	6066	0	0	0	0
IS	6067	0	0	0	0
IS	6068	0	0	0	0
IS	6069	0	0	0	0
IS	6070	0	0	0	0
IS	6071	0	0	0	0
IS	6072	0	0	0	0
IS	6073	0	0	0	0
IS	6074	0	0	0	0
IS	6075	0	0	0	0
IS	6076	0	0	0	0
IS	6077	0	0	0	0
IS	6078	0	0	0	0
IS	6079	0	0	0	0
IS	6080	0	0	0	0
IS	6081	0	0	0	0
IS	6082	0	0	0	0
IS	6083	0	0	0	0
IS	6084	0	0	0	0
IS	6085	0	0	0	0
IS	6086	0	0	0	0
IS	6087	0	0	0	0
IS	6088	0	0	0	0
IS	6089	0	0	0	0
IS	6090	0	0	0	0
IS	6091	0	0	0	0
IS	6092	0	0	0	0
IS	6093	0	0	0	0
IS	6094	0	0	0	0
IS	6095	0	0	0	0
IS	6096	0	0	0	0
IS	6097	0	0	0	0
IS	6098	0	0	0	0
IS	6099	0	0	0	0
IS	6100	0	0	0	0
IS	6101	0	0	0	0
IS	6102	0	0	0	0
IS	6103	0	0	0	0
IS	6104	0	0	0	0
IS	6105	0	0	0	0
IS	6106	0	0	0	0
IS	6107	0	0	0	0
IS	6108	0	0	0	0
IS	6109	0	0	0	0
IS	6110	0	0	0	0
IS	6111	0	0	0	0
IS	6112	0	0	0	0
IS	6113	0	0	0	0
IS	6114	0	0	0	0
IS	6115	0	0	0	0
IS	6116	0	0	0	0
IS	6117	0	0	0	0
IS	6118	0	0	0	0
IS	6119	0	0	0	0
IS	6120	0	0	0	0
IS	6121	0	0	0	0
IS	6122	0	0	0	0
IS	6123	0	0	0	0
IS	6124	0	0	0	0
IS	6125	0	0	0	0
IS	6126	0	0	0	0
IS	6127	0	0	0	0
IS	6128	0	0	0	0
IS	6129	0	0	0	0
IS	6130	0	0	0	0
IS	6131	0	0	0	0
IS	6132	0	0	0	0
IS	6133	0	0	0	0
IS	6134	0	0	0	0
IS	6135	0	0	0	0
IS	6136	0	0	0	0
IS	6137	0	0	0	0
IS	6138	0	0	0	0
IS	6139	0	0	0	0
IS	6140	0	0	0	0
IS	6141	0	0	0	0
IS	6142	0	0	0	0
IS	6143	0	0	0	0
IS	6144	0	0	0	0
IS	6145	0	0	0	0
IS	6146	0	0	0	0
IS	6147	0	0	0	0
IS	6148	0	0	0	0
IS	6149	0	0	0	0
IS	6150	0	0	0	0
IS	6151	0	0	0	0
IS	6152	0	0	0	0
IS	6153	0	0	0	0
IS	6154	0	0	0	0
IS	6155	0	0	0	0
IS	6156	1	1	0	0
IS	6157	0	0	0	0
IS	6158	0	0	0	0
IS	6159	0	0	0	0
IS	6160	0	0	0	0
IS	6161	0	0	0	0
IS	6162	0	0	0	0
IS	6163	0	0	0	0
IS	6164	0	0	0	0
IS	6165	0	0	0	0
IS	6166	0	0	0	0
IS	6167	0	0	0	0
IS	6168	0	0	0	0
IS	6169	0	0	0	0
IS	6170	0	0	0	0
IS	6171	0	0	0	0
IS	6172	0	0	0	0
IS	6173	0	0	0	0
IS	6174	0	0	0	0
IS	6175	0	0	0	0
IS	6176	0	0	0	0
IS	6177	0	0	0	0
IS	6178	0	0	0	0
IS	6179	0	0	0	0
IS	6180	0	0	0	0
IS	6181	0	0	0	0
IS	6182	0	0	0	0
IS	6183	0	0	0	0
IS	6184	0	0	0	0
IS	6185	0	0	0	0
IS	6186	0	0	0	0
IS	6187	0	0	0	0
IS	6188	0	0	0	0
IS	6189	0	0	0	0
IS	6190	0	0	0	0
IS	6191	0	0	0	0
IS	6192	0	0	0	0
IS	6193	0	0	0	0
IS	6194	0	0	0	0
IS	6195	0	0	0	0
IS	6196	0	0	0	0
IS	6197	0	0	0	0
IS	6198	0	0	0	0
IS	6199	0	0	0	0
IS	6200	0	0	0	0
IS	6201	0	0	0	0
IS	6202	0	0	0	0
IS	6203	0	0	0	0
IS	6204	0	0	0	0
IS	6205	0	0	0	0
IS	6206	0	0	0	0
IS	6207	0	0	0	0
IS	6208	0	0	0	0
IS	6209	0	0	0	0
IS	6210	0	0	0	0
IS	6211	0	0	0	0
IS	6212	0	0	0	0
IS	6213	0	0	0	0
IS	6214	0	0	0	0
IS	6215	0	0	0	0
IS	6216	0	0	0	0
IS	6217	0	0	0	0
IS	6218	0	0	0	0
IS	6219	0	0	0	0
IS	6220	0	0	0	0
IS	6221	0	0	0	0
IS	6222	0	0	0	0
IS	6223	0	0	0	0
IS	6224	0	0	0	0
IS	6225	0	0	0	0
IS	6226	0	0	0	0
IS	6227	0	0	0	0
IS	6228	0	0	0	0
IS	6229	0	0	0	0
IS	6230	0	0	0	0
IS	6231	0	0	0	0
IS	6232	0	0	0	0
IS	6233	0	0	0	0
IS	6234	0	0	0	0
IS	6235	0	0	0	0
IS	6236	0	0	0	0
IS	6237	0	0	0	0
IS	6238	0	0	0	0
IS	6239	0	0	0	0
IS	6240	0	0	0	0
IS	6241	0	0	0	0
IS	6242	0	0	0	0
IS	6243	0	0	0	0
IS	6244	0	0	0	0
IS	6245	0	0	0	0
IS	6246	1	1	0	0
IS	6247	0	0	0	0
IS	6248	0	0	0	0
IS	6249	0	0	0	0
IS	6250	0	0	0	0
IS	6251	0	0	0	0
IS	6252	0	0	0	0
IS	6253	0	0	0	0
IS	6254	0	0	0	0
IS	6255	0	0	0	0
IS	6256	0	0	0	0
IS	6257	0	0	0	0
IS	6258	0	0	0	0
IS	6259	0	0	0	0
IS	6260	0	0	0	0
IS	6261	0	0	0	0
IS	6262	0	0	0	0
IS	6263	0	0	0	0
IS	6264	0	0	0	0
IS	6265	0	0	0	0
IS	6266	0	0	0	0
IS	6267	0	0	0	0
IS	6268	0	0	0	0
IS	6269	0	0	0	0
IS	6270	0	0	0	0
IS	6271	0	0	0	0
IS	6272	0	0	0	0
IS	6273	0	0	0	0
IS	6274	0	0	0	0
IS	6275	0	0	0	0
IS	6276	0	0	0	0
IS	6277	0	0	0	0
IS	6278	0	0	0	0
IS	6279	0	0	0	0
IS	6280	0	0	0	0
IS	6281	0	0	0	0
IS	6282	0	0	0	0
IS	6283	0	0	0	0
IS	6284	0	0	0	0
IS	6285	0	0	0	0
IS	6286	0	0	0	0
IS	6287	0	0	0	0
IS	6288	0	0	0	0
IS	6289	0	0	0	0
IS	6290	0	0	0	0
IS	6291	0	0	0	0
IS	6292	0	0	0	0
IS	6293	0	0	0	0
IS	6294	0	0	0	0
IS	6295	0	0	0	0
IS	6296	1	1	0	0
IS	6297	0	0	0	0
IS	6298	0	0	0	0
IS	6299	0	0	0	0
IS	6300	0	0	0	0
IS	6301	0	0	0	0
IS	6302	0	0	0	0
IS	6303	0	0	0	0
IS	6304	0	0	0	0
IS	6305	0	0	0	0
IS	6306	0	0	0	0
IS	6307	0	0	0	0
IS	6308	0	0	0	0
IS	6309	0	0	0	0
IS	6310	0	0	0	0
IS	6311	0	0	0	0
IS	6312	0	0	0	0
IS	6313	0	0	0	0
IS	6314	0	0	0	0
IS	6315	0	0	0	0
IS	6316	0	0	0	0
IS	6317	0	0	0	0
IS	6318	0	0	0	0
IS	6319	0	0	0	0
IS	6320	0	0	0	0
IS	6321	0	0	0	0
IS	6322	0	0	0	0
IS	6323	0	0	0	0
IS	6324	0	0	0	0
IS	6325	0	0	0	0
IS	6326	0	0	0	0
IS	6327	0	0	0	0
IS	6328	0	0	0	0
IS	6329	0	0	0	0
IS	6330	0	0	0	0
IS	6331	0	0	0	0
IS	6332	0	0	0	0
IS	6333	0	0	0	0
IS	6334	0	0	0	0
IS	6335	0	0	0	0
IS	6336	0	0	0	0
IS	6337	0	0	0	0
IS	6338	0	0	0	0
IS	6339	0	0	0	0
IS	6340	0	0	0	0
IS	6341	0	0	0	0
IS	6342	0	0	0	0
IS	6343	0	0	0	0
IS	6344	0	0	0	0
IS	6345	0	0	0	0
IS	6346	0	0	0	0
IS	6347	0	0	0	0
IS	6348	0	0	0	0
IS	6349	0	0	0	0
IS	6350	0	0	0	0
IS	6351	0	0	0	0
IS	6352	0	0	0	0
IS	6353	0	0	0	0
IS	6354	0	0	0	0
IS	6355	0	0	0	0
IS	6356	0	0	0	0
IS	6357	0	0	0	0
IS	6358	0	0	0	0
IS	6359	0	0	0	0
IS	6360	0	0	0	0
IS	6361	0	0	0	0
IS	6362	0	0	0	0
IS	6363	0	0	0	0
IS	6364	0	0	0	0
IS	6365	0	0	0	0
IS	6366	0	0	0	0
IS	6367	0	0	0	0
IS	6368	0	0	0	0
IS	6369	0	0	0	0
IS	6370	0	0	0	0
IS	6371	0	0	0	0
IS	6372	0	0	0	0
IS	6373	0	0	0	0
IS	6374	0	0	0	0
IS	6375	0	0	0	0
IS	6376	0	0	0	0
IS	6377	0	0	0	0
IS	6378	0	0	0	0
IS	6379	0	0	0	0
IS	6380	0	0	0	0
IS	6381	0	0	0	0
IS	6382	0	0	0	0
IS	6383	0	0	0	0
IS	6384	0	0	0	0
IS	6385	0	0	0	0
IS	6386	0	0	0	0
IS	6387	0	0	0	0
IS	6388	0	0	0	0
IS	6389	0	0	0	0
IS	6390	0	0	0	0
IS	6391	0	0	0	0
IS	6392	0	0	0	0
IS	6393	0	0	0	0
IS	6394	0	0	0	0
IS	6395	0	0	0	0
IS	6396	0	0	0	0
IS	6397	0	0	0	0
IS	6398	0	0	0	0
IS	6399	0	0	0	0
IS	6400	0	0	0	0
IS	6401	0	0	0	0
IS	6402	0	0	0	0
IS	6403	0	0	0	0
IS	6404	0	0	0	0
IS	6405	0	0	0	0
IS	6406	0	0	0	0
IS	6407	0	0	0	0
IS	6408	0	0	0	0
IS	6409	0	0	0	0
IS	6410	0	0	0	0
IS	6411	0	0	0	0
IS	6412	0	0	0	0
IS	6413	0	0	0	0
IS	6414	0	0	0	0
IS	6415	0	0	0	0
IS	6416	0	0	0	0
IS	6417	0	0	0	0
IS	6418	0	0	0	0
IS	6419	0	0	0	0
IS	6420	0	0	0	0
IS	6421	0	0	0	0
IS	6422	0	0	0	0
IS	6423	0	0	0	0
IS	6424	0	0	0	0
IS	6425	0	0	0	0
IS	6426	0	0	0	0
IS	6427	0	0	0	0
IS	6428	0	0	0	0
IS	6429	0	0	0	0
IS	6430	0	0	0	0
IS	6431	0	0	0	0
IS	6432	0	0	0	0
IS	6433	0	0	0	0
IS	6434	0	0	0	0
IS	6435	0	0	0	0
IS	6436	0	0	0	0
IS	6437	0	0	0	0
IS	6438	0	0	0	0
IS	6439	0	0	0	0
IS	6440	0	0	0	0
IS	6441	0	0	0	0
IS	6442	0	0	0	0
IS	6443	0	0	0	0
IS	6444	0	0	0	0
IS	6445	0	0	0	0
IS	6446	0	0	0	0
IS	6447	0	0	0	0
IS	6448	0	0	0	0
IS	6449	0	0	0	0
IS	6450	0	0	0	0
IS	6451	0	0	0	0
IS	6452	0	0	0	0
IS	6453	0	0	0	0
IS	6454	0	0	0	0
IS	6455	0	0	0	0
IS	6456	0	0	0	0
IS	6457	0	0	0	0
IS	6458	0	0	0	0
IS	6459	0	0	0	0
IS	6460	0	0	0	0
IS	6461	0	0	0	0
IS	6462	0	0	0	0
IS	6463	0	0	0	0
IS	6464	0	0	0	0
IS	6465	0	0	0	0
IS	6466	0	0	0	0
IS	6467	0	0	0	0
IS	6468	0	0	0	0
IS	6469	0	0	0	0
IS	6470	0	0	0	0
IS	6471	0	0	0	0
IS	6472	0	0	0	0
IS	6473	0	0	0	0
IS	6474	0	0	0	0
IS	6475	0	0	0	0
IS	6476	0	0	0	0
IS	6477	0	0	0	0
IS	6478	0	0	0	0
IS	6479	0	0	0	0
IS	6480	0	0	0	0
IS	6481	0	0	0	0
IS	6482	0	0	0	0
IS	6483	0	0	0	0
IS	6484	0	0	0	0
IS	6485	0	0	0	0
IS	6486	0	0	0	0
IS	6487	0	0	0	0
IS	6488	0	0	0	0
IS	6489	0	0	0	0
IS	6490	0	0	0	0
IS	6491	0	0	0	0
IS	6492	0	0	0	0
IS	6493	0	0	0	0
IS	6494	0	0	0	0
IS	6495	0	0	0	0
IS	6496	0	0	0	0
IS	6497	0	0	0	0
IS	6498	0	0	0	0
IS	6499	0	0	0	0
IS	6500	0	0	0	0
IS	6501	0	0	0	0
IS	6502	0	0	0	0
IS	6503	1	1	0	0
IS	6504	0	0	0	0
IS	6505	0	0	0	0
IS	6506	0	0	0	0
IS	6507	0	0	0	0
IS	6508	0	0	0	0
IS	6509	0	0	0	0
IS	6510	0	0	0	0
IS	6511	0	0	0	0
IS	6512	0	0	0	0
IS	6513	0	0	0	0
IS	6514	0	0	0	0
IS	6515	0	0	0	0
IS	6516	0	0	0	0
IS	6517	0	0	0	0
IS	6518	0	0	0	0
IS	6519	0	0	0	0
IS	6520	0	0	0	0
IS	6521	0	0	0	0
IS	6522	0	0	0	0
IS	6523	0	0	0	0
IS	6524	0	0	0	0
IS	6525	0	0	0	0
IS	6526	0	0	0	0
IS	6527	0	0	0	0
IS	6528	0	0	0	0
IS	6529	0	0	0	0
IS	6530	0	0	0	0
IS	6531	0	0	0	0
IS	6532	0	0	0	0
IS	6533	0	0	0	0
IS	6534	0	0	0	0
IS	6535	0	0	0	0
IS	6536	0	0	0	0
IS	6537	0	0	0	0
IS	6538	0	0	0	0
IS	6539	0	0	0	0
IS	6540	0	0	0	0
IS	6541	0	0	0	0
IS	6542	0	0	0	0
IS	6543	0	0	0	0
IS	6544	0	0	0	0
IS	6545	0	0	0	0
IS	6546	0	0	0	0
IS	6547	0	0	0	0
IS	6548	0	0	0	0
IS	6549	0	0	0	0
IS	6550	0	0	0	0
IS	6551	0	0	0	0
IS	6552	0	0	0	0
IS	6553	0	0	0	0
IS	6554	0	0	0	0
IS	6555	0	0	0	0
IS	6556	0	0	0	0
IS	6557	0	0	0	0
IS	6558	0	0	0	0
IS	6559	0	0	0	0
IS	6560	0	0	0	0
IS	6561	0	0	0	0
IS	6562	0	0	0	0
IS	6563	1	1	0	0
IS	6564	0	0	0	0
IS	6565	0	0	0	0
IS	6566	0	0	0	0
IS	6567	0	0	0	0
IS	6568	0	0	0	0
IS	6569	0	0	0	0
IS	6570	0	0	0	0
IS	6571	0	0	0	0
IS	6572	0	0	0	0
IS	6573	0	0	0	0
IS	6574	0	0	0	0
IS	6575	0	0	0	0
IS	6576	0	0	0	0
IS	6577	0	0	0	0
IS	6578	0	0	0	0
IS	6579	0	0	0	0
IS	6580	0	0	0	0
IS	6581	0	0	0	0
IS	6582	0	0	0	0
IS	6583	0	0	0	0
IS	6584	0	0	0	0
IS	6585	0	0	0	0
IS	6586	0	0	0	0
IS	6587	0	0	0	0
IS	6588	0	0	0	0
IS	6589	0	0	0	0
IS	6590	0	0	0	0
IS	6591	0	0	0	0
IS	6592	0	0	0	0
IS	6593	0	0	0	0
IS	6594	0	0	0	0
IS	6595	0	0	0	0
IS	6596	0	0	0	0
IS	6597	0	0	0	0
IS	6598	0	0	0	0
IS	6599	0	0	0	0
IS	6600	0	0	0	0
IS	6601	0	0	0	0
IS	6602	0	0	0	0
IS	6603	0	0	0	0
IS	6604	0	0	0	0
IS	6605	0	0	0	0
IS	6606	0	0	0	0
IS	6607	0	0	0	0
IS	6608	0	0	0	0
IS	6609	0	0	0	0
IS	6610	0	0	0	0
IS	6611	0	0	0	0
IS	6612	0	0	0	0
IS	6613	0	0	0	0
IS	6614	0	0	0	0
IS	6615	0	0	0	0
IS	6616	0	0	0	0
IS	6617	0	0	0	0
IS	6618	0	0	0	0
IS	6619	0	0	0	0
IS	6620	0	0	0	0
IS	6621	0	0	0	0
IS	6622	0	0	0	0
IS	6623	0	0	0	0
IS	6624	0	0	0	0
IS	6625	0	0	0	0
IS	6626	0	0	0	0
IS	6627	0	0	0	0
IS	6628	0	0	0	0
IS	6629	0	0	0	0
IS	6630	0	0	0	0
IS	6631	0	0	0	0
IS	6632	0	0	0	0
IS	6633	0	0	0	0
IS	6634	0	0	0	0
IS	6635	0	0	0	0
IS	6636	0	0	0	0
IS	6637	0	0	0	0
IS	6638	0	0	0	0
IS	6639	0	0	0	0
IS	6640	0	0	0	0
IS	6641	0	0	0	0
IS	6642	0	0	0	0
IS	6643	0	0	0	0
IS	6644	0	0	0	0
IS	6645	0	0	0	0
IS	6646	0	0	0	0
IS	6647	0	0	0	0
IS	6648	0	0	0	0
IS	6649	0	0	0	0
IS	6650	0	0	0	0
IS	6651	0	0	0	0
IS	6652	0	0	0	0
IS	6653	0	0	0	0
IS	6654	0	0	0	0
IS	6655	0	0	0	0
IS	6656	0	0	0	0
IS	6657	0	0	0	0
IS	6658	0	0	0	0
IS	6659	0	0	0	0
IS	6660	0	0	0	0
IS	6661	0	0	0	0
IS	6662	0	0	0	0
IS	6663	0	0	0	0
IS	6664	0	0	0	0
IS	6665	0	0	0	0
IS	6666	0	0	0	0
IS	6667	0	0	0	0
IS	6668	0	0	0	0
IS	6669	0	0	0	0
IS	6670	0	0	0	0
IS	6671	0	0	0	0
IS	6672	0	0	0	0
IS	6673	0	0	0	0
IS	6674	0	0	0	0
IS	6675	0	0	0	0
IS	6676	0	0	0	0
IS	6677	0	0	0	0
IS	6678	0	0	0	0
IS	6679	0	0	0	0
IS	6680	0	0	0	0
IS	6681	0	0	0	0
IS	6682	0	0	0	0
IS	6683	0	0	0	0
IS	6684	0	0	0	0
IS	6685	0	0	0	0
IS	6686	0	0	0	0
IS	6687	0	0	0	0
IS	6688	1	1	0	0
IS	6689	0	0	0	0
IS	6690	0	0	0	0
IS	6691	0	0	0	0
IS	6692	0	0	0	0
IS	6693	0	0	0	0
IS	6694	0	0	0	0
IS	6695	0	0	0	0
IS	6696	0	0	0	0
IS	6697	0	0	0	0
IS	6698	0	0	0	0
IS	6699	0	0	0	0
IS	6700	0	0	0	0
IS	6701	0	0	0	0
IS	6702	0	0	0	0
IS	6703	0	0	0	0
IS	6704	0	0	0	0
IS	6705	0	0	0	0
IS	6706	0	0	0	0
IS	6707	0	0	0	0
IS	6708	0	0	0	0
IS	6709	0	0	0	0
IS	6710	0	0	0	0
IS	6711	0	0	0	0
IS	6712	0	0	0	0
IS	6713	0	0	0	0
IS	6714	0	0	0	0
IS	6715	0	0	0	0
IS	6716	0	0	0	0
IS	6717	0	0	0	0
IS	6718	0	0	0	0
IS	6719	0	0	0	0
IS	6720	0	0	0	0
IS	6721	0	0	0	0
IS	6722	0	0	0	0
IS	6723	0	0	0	0
IS	6724	0	0	0	0
IS	6725	0	0	0	0
IS	6726	1	1	0	0
IS	6727	0	0	0	0
IS	6728	0	0	0	0
IS	6729	0	0	0	0
IS	6730	0	0	0	0
IS	6731	0	0	0	0
IS	6732	0	0	0	0
IS	6733	1	1	0	0
IS	6734	0	0	0	0
IS	6735	0	0	0	0
IS	6736	0	0	0	0
IS	6737	0	0	0	0
IS	6738	0	0	0	0
IS	6739	0	0	0	0
IS	6740	0	0	0	0
IS	6741	1	1	0	0
IS	6742	0	0	0	0
IS	6743	0	0	0	0
IS	6744	0	0	0	0
IS	6745	1	1	0	0
IS	6746	0	0	0	0
IS	6747	0	0	0	0
IS	6748	0	0	0	0
IS	6749	0	0	0	0
IS	6750	0	0	0	0
IS	6751	0	0	0	0
IS	6752	0	0	0	0
IS	6753	0	0	0	0
IS	6754	0	0	0	0
IS	6755	0	0	0	0
IS	6756	0	0	0	0
IS	6757	0	0	0	0
IS	6758	0	0	0	0
IS	6759	0	0	0	0
IS	6760	0	0	0	0
IS	6761	0	0	0	0
IS	6762	0	0	0	0
IS	6763	0	0	0	0
IS	6764	0	0	0	0
IS	6765	0	0	0	0
IS	6766	0	0	0	0
IS	6767	0	0	0	0
IS	6768	0	0	0	0
IS	6769	0	0	0	0
IS	6770	0	0	0	0
IS	6771	0	0	0	0
IS	6772	0	0	0	0
IS	6773	0	0	0	0
IS	6774	0	0	0	0
IS	6775	0	0	0	0
IS	6776	0	0	0	0
IS	6777	0	0	0	0
IS	6778	0	0	0	0
IS	6779	0	0	0	0
IS	6780	0	0	0	0
IS	6781	0	0	0	0
IS	6782	0	0	0	0
IS	6783	0	0	0	0
IS	6784	0	0	0	0
IS	6785	0	0	0	0
IS	6786	0	0	0	0
IS	6787	0	0	0	0
IS	6788	0	0	0	0
IS	6789	0	0	0	0
IS	6790	0	0	0	0
IS	6791	0	0	0	0
IS	6792	0	0	0	0
IS	6793	0	0	0	0
IS	6794	0	0	0	0
IS	6795	0	0	0	0
IS	6796	0	0	0	0
IS	6797	0	0	0	0
IS	6798	0	0	0	0
IS	6799	0	0	0	0
IS	6800	0	0	0	0
IS	6801	0	0	0	0
IS	6802	0	0	0	0
IS	6803	0	0	0	0
IS	6804	0	0	0	0
IS	6805	0	0	0	0
IS	6806	0	0	0	0
IS	6807	0	0	0	0
IS	6808	0	0	0	0
IS	6809	0	0	0	0
IS	6810	0	0	0	0
IS	6811	0	0	0	0
IS	6812	0	0	0	0
IS	6813	0	0	0	0
IS	6814	0	0	0	0
IS	6815	0	0	0	0
IS	6816	0	0	0	0
IS	6817	0	0	0	0
IS	6818	0	0	0	0
IS	6819	0	0	0	0
IS	6820	0	0	0	0
IS	6821	0	0	0	0
IS	6822	0	0	0	0
IS	6823	0	0	0	0
IS	6824	0	0	0	0
IS	6825	0	0	0	0
IS	6826	0	0	0	0
IS	6827	0	0	0	0
IS	6828	0	0	0	0
IS	6829	0	0	0	0
IS	6830	0	0	0	0
IS	6831	0	0	0	0
IS	6832	0	0	0	0
IS	6833	0	0	0	0
IS	6834	0	0	0	0
IS	6835	0	0	0	0
IS	6836	0	0	0	0
IS	6837	0	0	0	0
IS	6838	0	0	0	0
IS	6839	0	0	0	0
IS	6840	0	0	0	0
IS	6841	0	0	0	0
IS	6842	0	0	0	0
IS	6843	0	0	0	0
IS	6844	0	0	0	0
IS	6845	0	0	0	0
IS	6846	0	0	0	0
IS	6847	0	0	0	0
IS	6848	0	0	0	0
IS	6849	0	0	0	0
IS	6850	0	0	0	0
IS	6851	0	0	0	0
IS	6852	0	0	0	0
IS	6853	0	0	0	0
IS	6854	0	0	0	0
IS	6855	0	0	0	0
IS	6856	0	0	0	0
IS	6857	0	0	0	0
IS	6858	0	0	0	0
IS	6859	0	0	0	0
IS	6860	0	0	0	0
IS	6861	0	0	0	0
IS	6862	0	0	0	0
IS	6863	0	0	0	0
IS	6864	0	0	0	0
IS	6865	0	0	0	0
IS	6866	0	0	0	0
IS	6867	0	0	0	0
IS	6868	0	0	0	0
IS	6869	0	0	0	0
IS	6870	0	0	0	0
IS	6871	0	0	0	0
IS	6872	0	0	0	0
IS	6873	0	0	0	0
IS	6874	0	0	0	0
IS	6875	0	0	0	0
IS	6876	0	0	0	0
IS	6877	0	0	0	0
IS	6878	0	0	0	0
IS	6879	0	0	0	0
IS	6880	0	0	0	0
IS	6881	0	0	0	0
IS	6882	0	0	0	0
IS	6883	0	0	0	0
IS	6884	0	0	0	0
IS	6885	0	0	0	0
IS	6886	0	0	0	0
IS	6887	0	0	0	0
IS	6888	0	0	0	0
IS	6889	0	0	0	0
IS	6890	0	0	0	0
IS	6891	0	0	0	0
IS	6892	0	0	0	0
IS	6893	0	0	0	0
IS	6894	0	0	0	0
IS	6895	0	0	0	0
IS	6896	0	0	0	0
IS	6897	0	0	0	0
IS	6898	0	0	0	0
IS	6899	0	0	0	0
IS	6900	0	0	0	0
IS	6901	0	0	0	0
IS	6902	0	0	0	0
IS	6903	0	0	0	0
IS	6904	0	0	0	0
IS	6905	0	0	0	0
IS	6906	0	0	0	0
IS	6907	0	0	0	0
IS	6908	0	0	0	0
IS	6909	0	0	0	0
IS	6910	0	0	0	0
IS	6911	0	0	0	0
IS	6912	0	0	0	0
IS	6913	0	0	0	0
IS	6914	0	0	0	0
IS	6915	0	0	0	0
IS	6916	0	0	0	0
IS	6917	0	0	0	0
IS	6918	0	0	0	0
IS	6919	0	0	0	0
IS	6920	0	0	0	0
IS	6921	0	0	0	0
IS	6922	0	0	0	0
IS	6923	0	0	0	0
IS	6924	0	0	0	0
IS	6925	0	0	0	0
IS	6926	0	0	0	0
IS	6927	0	0	0	0
IS	6928	0	0	0	0
IS	6929	0	0	0	0
IS	6930	0	0	0	0
IS	6931	1	1	0	0
IS	6932	0	0	0	0
IS	6933	0	0	0	0
IS	6934	0	0	0	0
IS	6935	0	0	0	0
IS	6936	0	0	0	0
IS	6937	0	0	0	0
IS	6938	0	0	0	0
IS	6939	0	0	0	0
IS	6940	0	0	0	0
IS	6941	0	0	0	0
IS	6942	0	0	0	0
IS	6943	0	0	0	0
IS	6944	0	0	0	0
IS	6945	0	0	0	0
IS	6946	0	0	0	0
IS	6947	0	0	0	0
IS	6948	0	0	0	0
IS	6949	0	0	0	0
IS	6950	0	0	0	0
IS	6951	0	0	0	0
IS	6952	0	0	0	0
IS	6953	0	0	0	0
IS	6954	0	0	0	0
IS	6955	0	0	0	0
IS	6956	0	0	0	0
IS	6957	0	0	0	0
IS	6958	0	0	0	0
IS	6959	0	0	0	0
IS	6960	0	0	0	0
IS	6961	0	0	0	0
IS	6962	0	0	0	0
IS	6963	0	0	0	0
IS	6964	0	0	0	0
IS	6965	0	0	0	0
IS	6966	0	0	0	0
IS	6967	0	0	0	0
IS	6968	0	0	0	0
IS	6969	0	0	0	0
IS	6970	0	0	0	0
IS	6971	0	0	0	0
IS	6972	0	0	0	0
IS	6973	0	0	0	0
IS	6974	0	0	0	0
IS	6975	0	0	0	0
IS	6976	0	0	0	0
IS	6977	0	0	0	0
IS	6978	0	0	0	0
IS	6979	0	0	0	0
IS	6980	0	0	0	0
IS	6981	0	0	0	0
IS	6982	0	0	0	0
IS	6983	0	0	0	0
IS	6984	0	0	0	0
IS	6985	0	0	0	0
IS	6986	0	0	0	0
IS	6987	0	0	0	0
IS	6988	0	0	0	0
IS	6989	0	0	0	0
IS	6990	0	0	0	0
IS	6991	0	0	0	0
IS	6992	0	0	0	0
IS	6993	0	0	0	0
IS	6994	0	0	0	0
IS	6995	0	0	0	0
IS	6996	0	0	0	0
IS	6997	0	0	0	0
IS	6998	0	0	0	0
IS	6999	0	0	0	0
IS	7000	0	0	0	0
IS	7001	0	0	0	0
IS	7002	0	0	0	0
IS	7003	0	0	0	0
IS	7004	0	0	0	0
IS	7005	0	0	0	0
IS	7006	0	0	0	0
IS	7007	0	0	0	0
IS	7008	0	0	0	0
IS	7009	0	0	0	0
IS	7010	0	0	0	0
IS	7011	0	0	0	0
IS	7012	0	0	0	0
IS	7013	0	0	0	0
IS	7014	0	0	0	0
IS	7015	0	0	0	0
IS	7016	0	0	0	0
IS	7017	0	0	0	0
IS	7018	0	0	0	0
IS	7019	0	0	0	0
IS	7020	0	0	0	0
IS	7021	0	0	0	0
IS	7022	0	0	0	0
IS	7023	0	0	0	0
IS	7024	0	0	0	0
IS	7025	0	0	0	0
IS	7026	0	0	0	0
IS	7027	0	0	0	0
IS	7028	0	0	0	0
IS	7029	0	0	0	0
IS	7030	0	0	0	0
IS	7031	0	0	0	0
IS	7032	0	0	0	0
IS	7033	0	0	0	0
IS	7034	0	0	0	0
IS	7035	0	0	0	0
IS	7036	0	0	0	0
IS	7037	0	0	0	0
IS	7038	0	0	0	0
IS	7039	0	0	0	0
IS	7040	0	0	0	0
IS	7041	0	0	0	0
IS	7042	0	0	0	0
IS	7043	0	0	0	0
IS	7044	0	0	0	0
IS	7045	0	0	0	0
IS	7046	0	0	0	0
IS	7047	0	0	0	0
IS	7048	0	0	0	0
IS	7049	0	0	0	0
IS	7050	0	0	0	0
IS	7051	0	0	0	0
IS	7052	0	0	0	0
IS	7053	0	0	0	0
IS	7054	0	0	0	0
IS	7055	0	0	0	0
IS	7056	0	0	0	0
IS	7057	0	0	0	0
IS	7058	0	0	0	0
IS	7059	0	0	0	0
IS	7060	0	0	0	0
IS	7061	0	0	0	0
IS	7062	0	0	0	0
IS	7063	0	0	0	0
IS	7064	0	0	0	0
IS	7065	0	0	0	0
IS	7066	0	0	0	0
IS	7067	0	0	0	0
IS	7068	0	0	0	0
IS	7069	0	0	0	0
IS	7070	0	0	0	0
IS	7071	0	0	0	0
IS	7072	0	0	0	0
IS	7073	0	0	0	0
IS	7074	0	0	0	0
IS	7075	0	0	0	0
IS	7076	0	0	0	0
IS	7077	0	0	0	0
IS	7078	0	0	0	0
IS	7079	0	0	0	0
IS	7080	0	0	0	0
IS	7081	0	0	0	0
IS	7082	0	0	0	0
IS	7083	0	0	0	0
IS	7084	0	0	0	0
IS	7085	0	0	0	0
IS	7086	0	0	0	0
IS	7087	0	0	0	0
IS	7088	0	0	0	0
IS	7089	0	0	0	0
IS	7090	0	0	0	0
IS	7091	0	0	0	0
IS	7092	0	0	0	0
IS	7093	0	0	0	0
IS	7094	0	0	0	0
IS	7095	0	0	0	0
IS	7096	0	0	0	0
IS	7097	0	0	0	0
IS	7098	0	0	0	0
IS	7099	0	0	0	0
IS	7100	0	0	0	0
IS	7101	0	0	0	0
IS	7102	0	0	0	0
IS	7103	0	0	0	0
IS	7104	0	0	0	0
IS	7105	0	0	0	0
IS	7106	0	0	0	0
IS	7107	0	0	0	0
IS	7108	0	0	0	0
IS	7109	0	0	0	0
IS	7110	0	0	0	0
IS	7111	0	0	0	0
IS	7112	0	0	0	0
IS	7113	0	0	0	0
IS	7114	0	0	0	0
IS	7115	0	0	0	0
IS	7116	0	0	0	0
IS	7117	0	0	0	0
IS	7118	0	0	0	0
IS	7119	0	0	0	0
IS	7120	0	0	0	0
IS	7121	0	0	0	0
IS	7122	0	0	0	0
IS	7123	0	0	0	0
IS	7124	0	0	0	0
IS	7125	0	0	0	0
IS	7126	0	0	0	0
IS	7127	0	0	0	0
IS	7128	0	0	0	0
IS	7129	0	0	0	0
IS	7130	0	0	0	0
IS	7131	0	0	0	0
IS	7132	0	0	0	0
IS	7133	0	0	0	0
IS	7134	0	0	0	0
IS	7135	0	0	0	0
IS	7136	0	0	0	0
IS	7137	0	0	0	0
IS	7138	0	0	0	0
IS	7139	0	0	0	0
IS	7140	0	0	0	0
IS	7141	0	0	0	0
IS	7142	0	0	0	0
IS	7143	0	0	0	0
IS	7144	0	0	0	0
IS	7145	0	0	0	0
IS	7146	0	0	0	0
IS	7147	0	0	0	0
IS	7148	0	0	0	0
IS	7149	0	0	0	0
IS	7150	0	0	0	0
IS	7151	0	0	0	0
IS	7152	0	0	0	0
IS	7153	0	0	0	0
IS	7154	0	0	0	0
IS	7155	0	0	0	0
IS	7156	0	0	0	0
IS	7157	0	0	0	0
IS	7158	0	0	0	0
IS	7159	0	0	0	0
IS	7160	0	0	0	0
IS	7161	0	0	0	0
IS	7162	0	0	0	0
IS	7163	0	0	0	0
IS	7164	0	0	0	0
IS	7165	0	0	0	0
IS	7166	0	0	0	0
IS	7167	0	0	0	0
IS	7168	0	0	0	0
IS	7169	0	0	0	0
IS	7170	0	0	0	0
IS	7171	0	0	0	0
IS	7172	0	0	0	0
IS	7173	0	0	0	0
IS	7174	0	0	0	0
IS	7175	0	0	0	0
IS	7176	0	0	0	0
IS	7177	0	0	0	0
IS	7178	0	0	0	0
IS	7179	0	0	0	0
IS	7180	0	0	0	0
IS	7181	0	0	0	0
IS	7182	0	0	0	0
IS	7183	0	0	0	0
IS	7184	0	0	0	0
IS	7185	0	0	0	0
IS	7186	0	0	0	0
IS	7187	0	0	0	0
IS	7188	0	0	0	0
IS	7189	0	0	0	0
IS	7190	0	0	0	0
IS	7191	0	0	0	0
IS	7192	0	0	0	0
IS	7193	0	0	0	0
IS	7194	0	0	0	0
IS	7195	0	0	0	0
IS	7196	0	0	0	0
IS	7197	0	0	0	0
IS	7198	0	0	0	0
IS	7199	0	0	0	0
IS	7200	0	0	0	0
IS	7201	0	0	0	0
IS	7202	0	0	0	0
IS	7203	0	0	0	0
IS	7204	0	0	0	0
IS	7205	0	0	0	0
IS	7206	0	0	0	0
IS	7207	0	0	0	0
IS	7208	0	0	0	0
IS	7209	0	0	0	0
IS	7210	0	0	0	0
IS	7211	0	0	0	0
IS	7212	0	0	0	0
IS	7213	0	0	0	0
IS	7214	0	0	0	0
IS	7215	0	0	0	0
IS	7216	0	0	0	0
IS	7217	0	0	0	0
IS	7218	0	0	0	0
IS	7219	0	0	0	0
IS	7220	0	0	0	0
IS	7221	0	0	0	0
IS	7222	0	0	0	0
IS	7223	0	0	0	0
IS	7224	0	0	0	0
IS	7225	0	0	0	0
IS	7226	0	0	0	0
IS	7227	0	0	0	0
IS	7228	0	0	0	0
IS	7229	0	0	0	0
IS	7230	0	0	0	0
IS	7231	0	0	0	0
IS	7232	0	0	0	0
IS	7233	0	0	0	0
IS	7234	0	0	0	0
IS	7235	0	0	0	0
IS	7236	0	0	0	0
IS	7237	0	0	0	0
IS	7238	0	0	0	0
IS	7239	0	0	0	0
IS	7240	0	0	0	0
IS	7241	0	0	0	0
IS	7242	0	0	0	0
IS	7243	0	0	0	0
IS	7244	0	0	0	0
IS	7245	0	0	0	0
IS	7246	0	0	0	0
IS	7247	0	0	0	0
IS	7248	0	0	0	0
IS	7249	0	0	0	0
IS	7250	0	0	0	0
IS	7251	0	0	0	0
IS	7252	0	0	0	0
IS	7253	0	0	0	0
IS	7254	0	0	0	0
IS	7255	0	0	0	0
IS	7256	0	0	0	0
IS	7257	0	0	0	0
IS	7258	0	0	0	0
IS	7259	0	0	0	0
IS	7260	0	0	0	0
IS	7261	0	0	0	0
IS	7262	0	0	0	0
IS	7263	0	0	0	0
IS	7264	0	0	0	0
IS	7265	0	0	0	0
IS	7266	0	0	0	0
IS	7267	0	0	0	0
IS	7268	0	0	0	0
IS	7269	0	0	0	0
IS	7270	0	0	0	0
IS	7271	0	0	0	0
IS	7272	0	0	0	0
IS	7273	0	0	0	0
IS	7274	0	0	0	0
IS	7275	0	0	0	0
IS	7276	0	0	0	0
IS	7277	0	0	0	0
IS	7278	0	0	0	0
IS	7279	0	0	0	0
IS	7280	0	0	0	0
IS	7281	0	0	0	0
IS	7282	0	0	0	0
IS	7283	0	0	0	0
IS	7284	0	0	0	0
IS	7285	0	0	0	0
IS	7286	0	0	0	0
IS	7287	0	0	0	0
IS	7288	0	0	0	0
IS	7289	0	0	0	0
IS	7290	0	0	0	0
IS	7291	0	0	0	0
IS	7292	0	0	0	0
IS	7293	0	0	0	0
IS	7294	0	0	0	0
IS	7295	0	0	0	0
IS	7296	0	0	0	0
IS	7297	0	0	0	0
IS	7298	0	0	0	0
IS	7299	0	0	0	0
IS	7300	0	0	0	0
IS	7301	0	0	0	0
IS	7302	0	0	0	0
IS	7303	0	0	0	0
IS	7304	0	0	0	0
IS	7305	0	0	0	0
IS	7306	0	0	0	0
IS	7307	0	0	0	0
IS	7308	0	0	0	0
IS	7309	0	0	0	0
IS	7310	0	0	0	0
IS	7311	0	0	0	0
IS	7312	0	0	0	0
IS	7313	0	0	0	0
IS	7314	0	0	0	0
IS	7315	0	0	0	0
IS	7316	0	0	0	0
IS	7317	0	0	0	0
IS	7318	0	0	0	0
IS	7319	0	0	0	0
IS	7320	0	0	0	0
IS	7321	0	0	0	0
IS	7322	0	0	0	0
IS	7323	0	0	0	0
IS	7324	0	0	0	0
IS	7325	0	0	0	0
IS	7326	0	0	0	0
IS	7327	0	0	0	0
IS	7328	0	0	0	0
IS	7329	0	0	0	0
IS	7330	0	0	0	0
IS	7331	0	0	0	0
IS	7332	0	0	0	0
IS	7333	0	0	0	0
IS	7334	0	0	0	0
IS	7335	0	0	0	0
IS	7336	0	0	0	0
IS	7337	0	0	0	0
IS	7338	0	0	0	0
IS	7339	0	0	0	0
IS	7340	0	0	0	0
IS	7341	0	0	0	0
IS	7342	0	0	0	0
IS	7343	0	0	0	0
IS	7344	0	0	0	0
IS	7345	0	0	0	0
IS	7346	0	0	0	0
IS	7347	0	0	0	0
IS	7348	0	0	0	0
IS	7349	0	0	0	0
IS	7350	0	0	0	0
IS	7351	0	0	0	0
IS	7352	0	0	0	0
IS	7353	0	0	0	0
IS	7354	0	0	0	0
IS	7355	0	0	0	0
IS	7356	0	0	0	0
IS	7357	0	0	0	0
IS	7358	0	0	0	0
IS	7359	0	0	0	0
IS	7360	0	0	0	0
IS	7361	0	0	0	0
IS	7362	0	0	0	0
IS	7363	0	0	0	0
IS	7364	0	0	0	0
IS	7365	0	0	0	0
IS	7366	0	0	0	0
IS	7367	0	0	0	0
IS	7368	0	0	0	0
IS	7369	0	0	0	0
IS	7370	0	0	0	0
IS	7371	0	0	0	0
IS	7372	0	0	0	0
IS	7373	0	0	0	0
IS	7374	0	0	0	0
IS	7375	0	0	0	0
IS	7376	0	0	0	0
IS	7377	0	0	0	0
IS	7378	0	0	0	0
IS	7379	0	0	0	0
IS	7380	0	0	0	0
IS	7381	0	0	0	0
IS	7382	0	0	0	0
IS	7383	0	0	0	0
IS	7384	0	0	0	0
IS	7385	0	0	0	0
IS	7386	0	0	0	0
IS	7387	0	0	0	0
IS	7388	0	0	0	0
IS	7389	0	0	0	0
IS	7390	0	0	0	0
IS	7391	0	0	0	0
IS	7392	0	0	0	0
IS	7393	0	0	0	0
IS	7394	0	0	0	0
IS	7395	0	0	0	0
IS	7396	0	0	0	0
IS	7397	0	0	0	0
IS	7398	0	0	0	0
IS	7399	0	0	0	0
IS	7400	0	0	0	0
IS	7401	0	0	0	0
IS	7402	0	0	0	0
IS	7403	0	0	0	0
IS	7404	0	0	0	0
IS	7405	0	0	0	0
IS	7406	0	0	0	0
IS	7407	0	0	0	0
IS	7408	0	0	0	0
IS	7409	0	0	0	0
IS	7410	0	0	0	0
IS	7411	0	0	0	0
IS	7412	0	0	0	0
IS	7413	0	0	0	0
IS	7414	0	0	0	0
IS	7415	0	0	0	0
IS	7416	0	0	0	0
IS	7417	0	0	0	0
IS	7418	0	0	0	0
IS	7419	0	0	0	0
IS	7420	0	0	0	0
IS	7421	0	0	0	0
IS	7422	0	0	0	0
IS	7423	0	0	0	0
IS	7424	0	0	0	0
IS	7425	0	0	0	0
IS	7426	0	0	0	0
IS	7427	0	0	0	0
IS	7428	0	0	0	0
IS	7429	0	0	0	0
IS	7430	0	0	0	0
IS	7431	0	0	0	0
IS	7432	0	0	0	0
IS	7433	0	0	0	0
IS	7434	0	0	0	0
IS	7435	0	0	0	0
IS	7436	0	0	0	0
IS	7437	0	0	0	0
IS	7438	0	0	0	0
IS	7439	0	0	0	0
IS	7440	0	0	0	0
IS	7441	0	0	0	0
IS	7442	0	0	0	0
IS	7443	0	0	0	0
IS	7444	0	0	0	0
IS	7445	0	0	0	0
IS	7446	0	0	0	0
IS	7447	0	0	0	0
IS	7448	0	0	0	0
IS	7449	0	0	0	0
IS	7450	0	0	0	0
IS	7451	0	0	0	0
IS	7452	0	0	0	0
IS	7453	0	0	0	0
IS	7454	0	0	0	0
IS	7455	0	0	0	0
IS	7456	0	0	0	0
IS	7457	0	0	0	0
IS	7458	0	0	0	0
IS	7459	0	0	0	0
IS	7460	0	0	0	0
IS	7461	0	0	0	0
IS	7462	0	0	0	0
IS	7463	0	0	0	0
IS	7464	0	0	0	0
IS	7465	0	0	0	0
IS	7466	0	0	0	0
IS	7467	0	0	0	0
IS	7468	0	0	0	0
IS	7469	0	0	0	0
IS	7470	0	0	0	0
IS	7471	0	0	0	0
IS	7472	0	0	0	0
IS	7473	0	0	0	0
IS	7474	0	0	0	0
IS	7475	0	0	0	0
IS	7476	0	0	0	0
IS	7477	0	0	0	0
IS	7478	0	0	0	0
IS	7479	0	0	0	0
IS	7480	0	0	0	0
IS	7481	0	0	0	0
IS	7482	0	0	0	0
IS	7483	0	0	0	0
IS	7484	0	0	0	0
IS	7485	0	0	0	0
IS	7486	0	0	0	0
IS	7487	0	0	0	0
IS	7488	0	0	0	0
IS	7489	0	0	0	0
IS	7490	0	0	0	0
IS	7491	0	0	0	0
IS	7492	0	0	0	0
IS	7493	0	0	0	0
IS	7494	0	0	0	0
IS	7495	0	0	0	0
IS	7496	0	0	0	0
IS	7497	0	0	0	0
IS	7498	0	0	0	0
IS	7499	0	0	0	0
IS	7500	0	0	0	0
IS	7501	0	0	0	0
IS	7502	0	0	0	0
IS	7503	0	0	0	0
IS	7504	0	0	0	0
IS	7505	0	0	0	0
IS	7506	0	0	0	0
IS	7507	0	0	0	0
IS	7508	0	0	0	0
IS	7509	0	0	0	0
IS	7510	0	0	0	0
IS	7511	0	0	0	0
IS	7512	0	0	0	0
IS	7513	0	0	0	0
IS	7514	0	0	0	0
IS	7515	0	0	0	0
IS	7516	0	0	0	0
IS	7517	0	0	0	0
IS	7518	0	0	0	0
IS	7519	0	0	0	0
IS	7520	0	0	0	0
IS	7521	0	0	0	0
IS	7522	0	0	0	0
IS	7523	0	0	0	0
IS	7524	0	0	0	0
IS	7525	0	0	0	0
IS	7526	0	0	0	0
IS	7527	0	0	0	0
IS	7528	0	0	0	0
IS	7529	0	0	0	0
IS	7530	0	0	0	0
IS	7531	0	0	0	0
IS	7532	0	0	0	0
IS	7533	0	0	0	0
IS	7534	0	0	0	0
IS	7535	0	0	0	0
IS	7536	0	0	0	0
IS	7537	0	0	0	0
IS	7538	0	0	0	0
IS	7539	0	0	0	0
IS	7540	0	0	0	0
IS	7541	0	0	0	0
IS	7542	0	0	0	0
IS	7543	0	0	0	0
IS	7544	0	0	0	0
IS	7545	0	0	0	0
IS	7546	0	0	0	0
IS	7547	0	0	0	0
IS	7548	0	0	0	0
IS	7549	0	0	0	0
IS	7550	0	0	0	0
IS	7551	0	0	0	0
IS	7552	0	0	0	0
IS	7553	0	0	0	0
IS	7554	0	0	0	0
IS	7555	0	0	0	0
IS	7556	0	0	0	0
IS	7557	0	0	0	0
IS	7558	0	0	0	0
IS	7559	0	0	0	0
IS	7560	0	0	0	0
IS	7561	0	0	0	0
IS	7562	0	0	0	0
IS	7563	0	0	0	0
IS	7564	0	0	0	0
IS	7565	0	0	0	0
IS	7566	0	0	0	0
IS	7567	0	0	0	0
IS	7568	0	0	0	0
IS	7569	0	0	0	0
IS	7570	0	0	0	0
IS	7571	0	0	0	0
IS	7572	0	0	0	0
IS	7573	0	0	0	0
IS	7574	0	0	0	0
IS	7575	0	0	0	0
IS	7576	0	0	0	0
IS	7577	0	0	0	0
IS	7578	0	0	0	0
IS	7579	0	0	0	0
IS	7580	0	0	0	0
IS	7581	0	0	0	0
IS	7582	0	0	0	0
IS	7583	0	0	0	0
IS	7584	0	0	0	0
IS	7585	0	0	0	0
IS	7586	0	0	0	0
IS	7587	0	0	0	0
IS	7588	0	0	0	0
IS	7589	0	0	0	0
IS	7590	0	0	0	0
IS	7591	0	0	0	0
IS	7592	0	0	0	0
IS	7593	0	0	0	0
IS	7594	0	0	0	0
IS	7595	0	0	0	0
IS	7596	0	0	0	0
IS	7597	0	0	0	0
IS	7598	0	0	0	0
IS	7599	0	0	0	0
IS	7600	0	0	0	0
IS	7601	0	0	0	0
IS	7602	0	0	0	0
IS	7603	0	0	0	0
IS	7604	0	0	0	0
IS	7605	0	0	0	0
IS	7606	0	0	0	0
IS	7607	0	0	0	0
IS	7608	0	0	0	0
IS	7609	0	0	0	0
IS	7610	0	0	0	0
IS	7611	0	0	0	0
IS	7612	0	0	0	0
IS	7613	0	0	0	0
IS	7614	0	0	0	0
IS	7615	0	0	0	0
IS	7616	0	0	0	0
IS	7617	0	0	0	0
IS	7618	0	0	0	0
IS	7619	0	0	0	0
IS	7620	0	0	0	0
IS	7621	0	0	0	0
IS	7622	0	0	0	0
IS	7623	0	0	0	0
IS	7624	0	0	0	0
IS	7625	0	0	0	0
IS	7626	0	0	0	0
IS	7627	0	0	0	0
IS	7628	0	0	0	0
IS	7629	0	0	0	0
IS	7630	0	0	0	0
IS	7631	0	0	0	0
IS	7632	0	0	0	0
IS	7633	0	0	0	0
IS	7634	0	0	0	0
IS	7635	0	0	0	0
IS	7636	0	0	0	0
IS	7637	0	0	0	0
IS	7638	0	0	0	0
IS	7639	0	0	0	0
IS	7640	0	0	0	0
IS	7641	0	0	0	0
IS	7642	0	0	0	0
IS	7643	0	0	0	0
IS	7644	0	0	0	0
IS	7645	0	0	0	0
IS	7646	0	0	0	0
IS	7647	0	0	0	0
IS	7648	0	0	0	0
IS	7649	0	0	0	0
IS	7650	0	0	0	0
IS	7651	0	0	0	0
IS	7652	0	0	0	0
IS	7653	0	0	0	0
IS	7654	0	0	0	0
IS	7655	0	0	0	0
IS	7656	0	0	0	0
IS	7657	0	0	0	0
IS	7658	0	0	0	0
IS	7659	0	0	0	0
IS	7660	0	0	0	0
IS	7661	0	0	0	0
IS	7662	0	0	0	0
IS	7663	0	0	0	0
IS	7664	0	0	0	0
IS	7665	0	0	0	0
IS	7666	0	0	0	0
IS	7667	0	0	0	0
IS	7668	0	0	0	0
IS	7669	0	0	0	0
IS	7670	0	0	0	0
IS	7671	0	0	0	0
IS	7672	0	0	0	0
IS	7673	0	0	0	0
IS	7674	0	0	0	0
IS	7675	0	0	0	0
IS	7676	0	0	0	0
IS	7677	0	0	0	0
IS	7678	0	0	0	0
IS	7679	0	0	0	0
IS	7680	0	0	0	0
IS	7681	0	0	0	0
IS	7682	0	0	0	0
IS	7683	0	0	0	0
IS	7684	0	0	0	0
IS	7685	0	0	0	0
IS	7686	0	0	0	0
IS	7687	0	0	0	0
IS	7688	0	0	0	0
IS	7689	0	0	0	0
IS	7690	0	0	0	0
IS	7691	0	0	0	0
IS	7692	0	0	0	0
IS	7693	0	0	0	0
IS	7694	0	0	0	0
IS	7695	0	0	0	0
IS	7696	0	0	0	0
IS	7697	0	0	0	0
IS	7698	0	0	0	0
IS	7699	0	0	0	0
IS	7700	0	0	0	0
IS	7701	0	0	0	0
IS	7702	0	0	0	0
IS	7703	0	0	0	0
IS	7704	0	0	0	0
IS	7705	0	0	0	0
IS	7706	0	0	0	0
IS	7707	0	0	0	0
IS	7708	0	0	0	0
IS	7709	0	0	0	0
IS	7710	0	0	0	0
IS	7711	0	0	0	0
IS	7712	0	0	0	0
IS	7713	0	0	0	0
IS	7714	0	0	0	0
IS	7715	0	0	0	0
IS	7716	0	0	0	0
IS	7717	0	0	0	0
IS	7718	0	0	0	0
IS	7719	0	0	0	0
IS	7720	0	0	0	0
IS	7721	0	0	0	0
IS	7722	0	0	0	0
IS	7723	0	0	0	0
IS	7724	0	0	0	0
IS	7725	0	0	0	0
IS	7726	0	0	0	0
IS	7727	0	0	0	0
IS	7728	0	0	0	0
IS	7729	0	0	0	0
IS	7730	0	0	0	0
IS	7731	0	0	0	0
IS	7732	0	0	0	0
IS	7733	0	0	0	0
IS	7734	0	0	0	0
IS	7735	0	0	0	0
IS	7736	0	0	0	0
IS	7737	0	0	0	0
IS	7738	0	0	0	0
IS	7739	0	0	0	0
IS	7740	0	0	0	0
IS	7741	0	0	0	0
IS	7742	0	0	0	0
IS	7743	0	0	0	0
IS	7744	0	0	0	0
IS	7745	0	0	0	0
IS	7746	0	0	0	0
IS	7747	0	0	0	0
IS	7748	0	0	0	0
IS	7749	0	0	0	0
IS	7750	0	0	0	0
IS	7751	0	0	0	0
IS	7752	0	0	0	0
IS	7753	0	0	0	0
IS	7754	0	0	0	0
IS	7755	0	0	0	0
IS	7756	0	0	0	0
IS	7757	0	0	0	0
IS	7758	0	0	0	0
IS	7759	0	0	0	0
IS	7760	0	0	0	0
IS	7761	0	0	0	0
IS	7762	0	0	0	0
IS	7763	0	0	0	0
IS	7764	0	0	0	0
IS	7765	0	0	0	0
IS	7766	0	0	0	0
IS	7767	0	0	0	0
IS	7768	0	0	0	0
IS	7769	0	0	0	0
IS	7770	0	0	0	0
IS	7771	0	0	0	0
IS	7772	0	0	0	0
IS	7773	0	0	0	0
IS	7774	0	0	0	0
IS	7775	0	0	0	0
IS	7776	0	0	0	0
IS	7777	0	0	0	0
IS	7778	1	1	0	0
IS	7779	0	0	0	0
IS	7780	0	0	0	0
IS	7781	0	0	0	0
IS	7782	0	0	0	0
IS	7783	0	0	0	0
IS	7784	0	0	0	0
IS	7785	0	0	0	0
IS	7786	0	0	0	0
IS	7787	0	0	0	0
IS	7788	0	0	0	0
IS	7789	0	0	0	0
IS	7790	0	0	0	0
IS	7791	0	0	0	0
IS	7792	0	0	0	0
IS	7793	0	0	0	0
IS	7794	0	0	0	0
IS	7795	0	0	0	0
IS	7796	0	0	0	0
IS	7797	0	0	0	0
IS	7798	0	0	0	0
IS	7799	0	0	0	0
IS	7800	0	0	0	0
IS	7801	0	0	0	0
IS	7802	0	0	0	0
IS	7803	0	0	0	0
IS	7804	0	0	0	0
IS	7805	0	0	0	0
IS	7806	0	0	0	0
IS	7807	0	0	0	0
IS	7808	0	0	0	0
IS	7809	0	0	0	0
IS	7810	0	0	0	0
IS	7811	0	0	0	0
IS	7812	0	0	0	0
IS	7813	0	0	0	0
IS	7814	0	0	0	0
IS	7815	0	0	0	0
IS	7816	0	0	0	0
IS	7817	0	0	0	0
IS	7818	0	0	0	0
IS	7819	0	0	0	0
IS	7820	0	0	0	0
IS	7821	0	0	0	0
IS	7822	0	0	0	0
IS	7823	0	0	0	0
IS	7824	0	0	0	0
IS	7825	0	0	0	0
IS	7826	0	0	0	0
IS	7827	0	0	0	0
IS	7828	0	0	0	0
IS	7829	0	0	0	0
IS	7830	0	0	0	0
IS	7831	0	0	0	0
IS	7832	0	0	0	0
IS	7833	0	0	0	0
IS	7834	0	0	0	0
IS	7835	0	0	0	0
IS	7836	0	0	0	0
IS	7837	0	0	0	0
IS	7838	0	0	0	0
IS	7839	0	0	0	0
IS	7840	0	0	0	0
IS	7841	0	0	0	0
IS	7842	0	0	0	0
IS	7843	0	0	0	0
IS	7844	0	0	0	0
IS	7845	0	0	0	0
IS	7846	0	0	0	0
IS	7847	0	0	0	0
IS	7848	0	0	0	0
IS	7849	0	0	0	0
IS	7850	0	0	0	0
IS	7851	0	0	0	0
IS	7852	0	0	0	0
IS	7853	0	0	0	0
IS	7854	0	0	0	0
IS	7855	0	0	0	0
IS	7856	0	0	0	0
IS	7857	0	0	0	0
IS	7858	0	0	0	0
IS	7859	0	0	0	0
IS	7860	0	0	0	0
IS	7861	0	0	0	0
IS	7862	0	0	0	0
IS	7863	0	0	0	0
IS	7864	0	0	0	0
IS	7865	0	0	0	0
IS	7866	0	0	0	0
IS	7867	0	0	0	0
IS	7868	0	0	0	0
IS	7869	0	0	0	0
IS	7870	0	0	0	0
IS	7871	0	0	0	0
IS	7872	0	0	0	0
IS	7873	0	0	0	0
IS	7874	0	0	0	0
IS	7875	0	0	0	0
IS	7876	0	0	0	0
IS	7877	0	0	0	0
IS	7878	0	0	0	0
IS	7879	0	0	0	0
IS	7880	0	0	0	0
IS	7881	0	0	0	0
IS	7882	0	0	0	0
IS	7883	0	0	0	0
IS	7884	0	0	0	0
IS	7885	0	0	0	0
IS	7886	0	0	0	0
IS	7887	0	0	0	0
IS	7888	0	0	0	0
IS	7889	0	0	0	0
IS	7890	0	0	0	0
IS	7891	0	0	0	0
IS	7892	0	0	0	0
IS	7893	0	0	0	0
IS	7894	0	0	0	0
IS	7895	0	0	0	0
IS	7896	0	0	0	0
IS	7897	0	0	0	0
IS	7898	0	0	0	0
IS	7899	0	0	0	0
IS	7900	0	0	0	0
IS	7901	0	0	0	0
IS	7902	0	0	0	0
IS	7903	0	0	0	0
IS	7904	0	0	0	0
IS	7905	0	0	0	0
IS	7906	0	0	0	0
IS	7907	0	0	0	0
IS	7908	0	0	0	0
IS	7909	0	0	0	0
IS	7910	0	0	0	0
IS	7911	0	0	0	0
IS	7912	0	0	0	0
IS	7913	0	0	0	0
IS	7914	0	0	0	0
IS	7915	0	0	0	0
IS	7916	0	0	0	0
IS	7917	0	0	0	0
IS	7918	0	0	0	0
IS	7919	0	0	0	0
IS	7920	0	0	0	0
IS	7921	0	0	0	0
IS	7922	0	0	0	0
IS	7923	0	0	0	0
IS	7924	0	0	0	0
IS	7925	0	0	0	0
IS	7926	0	0	0	0
IS	7927	0	0	0	0
IS	7928	0	0	0	0
IS	7929	0	0	0	0
IS	7930	0	0	0	0
IS	7931	0	0	0	0
IS	7932	0	0	0	0
IS	7933	0	0	0	0
IS	7934	0	0	0	0
IS	7935	0	0	0	0
IS	7936	0	0	0	0
IS	7937	0	0	0	0
IS	7938	0	0	0	0
IS	7939	0	0	0	0
IS	7940	0	0	0	0
IS	7941	0	0	0	0
IS	7942	0	0	0	0
IS	7943	0	0	0	0
IS	7944	0	0	0	0
IS	7945	0	0	0	0
IS	7946	0	0	0	0
IS	7947	0	0	0	0
IS	7948	0	0	0	0
IS	7949	0	0	0	0
IS	7950	0	0	0	0
IS	7951	0	0	0	0
IS	7952	0	0	0	0
IS	7953	0	0	0	0
IS	7954	0	0	0	0
IS	7955	0	0	0	0
IS	7956	0	0	0	0
IS	7957	0	0	0	0
IS	7958	0	0	0	0
IS	7959	0	0	0	0
IS	7960	0	0	0	0
IS	7961	0	0	0	0
IS	7962	0	0	0	0
IS	7963	0	0	0	0
IS	7964	0	0	0	0
IS	7965	0	0	0	0
IS	7966	0	0	0	0
IS	7967	0	0	0	0
IS	7968	0	0	0	0
IS	7969	0	0	0	0
IS	7970	0	0	0	0
IS	7971	0	0	0	0
IS	7972	0	0	0	0
IS	7973	0	0	0	0
IS	7974	0	0	0	0
IS	7975	0	0	0	0
IS	7976	0	0	0	0
IS	7977	0	0	0	0
IS	7978	0	0	0	0
IS	7979	0	0	0	0
IS	7980	0	0	0	0
IS	7981	0	0	0	0
IS	7982	0	0	0	0
IS	7983	0	0	0	0
IS	7984	0	0	0	0
IS	7985	0	0	0	0
IS	7986	0	0	0	0
IS	7987	0	0	0	0
IS	7988	0	0	0	0
IS	7989	0	0	0	0
IS	7990	0	0	0	0
IS	7991	0	0	0	0
IS	7992	0	0	0	0
IS	7993	0	0	0	0
IS	7994	0	0	0	0
IS	7995	0	0	0	0
IS	7996	0	0	0	0
IS	7997	0	0	0	0
IS	7998	0	0	0	0
IS	7999	0	0	0	0
IS	8000	49	49	0	0
# Read lengths. Use `grep ^RL | cut -f 2-` to extract this part. The columns are: read length, count
RL	25	390
RL	26	410
RL	27	439
RL	28	415
RL	29	466
RL	30	463
RL	31	473
RL	32	452
RL	33	481
RL	34	446
RL	35	432
RL	36	502
RL	37	439
RL	38	461
RL	39	455
RL	40	470
RL	41	555
RL	42	557
RL	43	480
RL	44	451
RL	45	482
RL	46	507
RL	47	492
RL	48	558
RL	49	537
RL	50	682
RL	51	590
RL	52	567
RL	53	616
RL	54	603
RL	55	648
RL	56	706
RL	57	613
RL	58	692
RL	59	635
RL	60	762
RL	61	685
RL	62	655
RL	63	659
RL	64	742
RL	65	787
RL	66	741
RL	67	695
RL	68	779
RL	69	796
RL	70	777
RL	71	776
RL	72	875
RL	73	931
RL	74	905
RL	75	776
RL	76	753
RL	77	785
RL	78	728
RL	79	791
RL	80	750
RL	81	852
RL	82	818
RL	83	917
RL	84	941
RL	85	917
RL	86	944
RL	87	999
RL	88	1044
RL	89	1076
RL	90	1071
RL	91	1224
RL	92	1287
RL	93	1247
RL	94	1359
RL	95	1557
RL	96	1441
RL	97	1628
RL	98	1689
RL	99	1960
RL	100	5582
RL	101	101084
# Read lengths - first fragments. Use `grep ^FRL | cut -f 2-` to extract this part. The columns are: read length, count
FRL	25	198
FRL	26	186
FRL	27	207
FRL	28	143
FRL	29	180
FRL	30	205
FRL	31	155
FRL	32	142
FRL	33	170
FRL	34	172
FRL	35	166
FRL	36	202
FRL	37	187
FRL	38	200
FRL	39	197
FRL	40	223
FRL	41	245
FRL	42	230
FRL	43	255
FRL	44	247
FRL	45	239
FRL	46	274
FRL	47	264
FRL	48	287
FRL	49	250
FRL	50	331
FRL	51	356
FRL	52	335
FRL	53	396
FRL	54	405
FRL	55	454
FRL	56	491
FRL	57	411
FRL	58	481
FRL	59	414
FRL	60	539
FRL	61	463
FRL	62	438
FRL	63	438
FRL	64	522
FRL	65	531
FRL	66	511
FRL	67	466
FRL	68	527
FRL	69	531
FRL	70	530
FRL	71	509
FRL	72	569
FRL	73	612
FRL	74	583
FRL	75	472
FRL	76	450
FRL	77	461
FRL	78	403
FRL	79	417
FRL	80	384
FRL	81	489
FRL	82	440
FRL	83	467
FRL	84	461
FRL	85	489
FRL	86	527
FRL	87	532
FRL	88	599
FRL	89	601
FRL	90	560
FRL	91	654
FRL	92	664
FRL	93	737
FRL	94	783
FRL	95	925
FRL	96	822
FRL	97	939
FRL	98	919
FRL	99	946
FRL	100	2529
FRL	101	47238
# Read lengths - last fragments. Use `grep ^LRL | cut -f 2-` to extract this part. The columns are: read length, count
LRL	25	192
LRL	26	224
LRL	27	232
LRL	28	272
LRL	29	286
LRL	30	258
LRL	31	318
LRL	32	310
LRL	33	311
LRL	34	274
LRL	35	266
LRL	36	300
LRL	37	252
LRL	38	261
LRL	39	258
LRL	40	247
LRL	41	310
LRL	42	327
LRL	43	225
LRL	44	204
LRL	45	243
LRL	46	233
LRL	47	228
LRL	48	271
LRL	49	287
LRL	50	351
LRL	51	234
LRL	52	232
LRL	53	220
LRL	54	198
LRL	55	194
LRL	56	215
LRL	57	202
LRL	58	211
LRL	59	221
LRL	60	223
LRL	61	222
LRL	62	217
LRL	63	221
LRL	64	220
LRL	65	256
LRL	66	230
LRL	67	229
LRL	68	252
LRL	69	265
LRL	70	247
LRL	71	267
LRL	72	306
LRL	73	319
LRL	74	322
LRL	75	304
LRL	76	303
LRL	77	324
LRL	78	325
LRL	79	374
LRL	80	366
LRL	81	363
LRL	82	378
LRL	83	450
LRL	84	480
LRL	85	428
LRL	86	417
LRL	87	467
LRL	88	445
LRL	89	475
LRL	90	511
LRL	91	570
LRL	92	623
LRL	93	510
LRL	94	576
LRL	95	632
LRL	96	619
LRL	97	689
LRL	98	770
LRL	99	1014
LRL	100	3053
LRL	101	53846
# Mapping qualities for reads !(UNMAP|SECOND|SUPPL|QCFAIL|DUP). Use `grep ^MAPQ | cut -f 2-` to extract this part. The columns are: mapq, count
MAPQ	0	61
MAPQ	1	72
MAPQ	60	2488
# Indel distribution. Use `grep ^ID | cut -f 2-` to extract this part. The columns are: length, number of insertions, number of deletions
ID	1	26	9
ID	2	0	3
ID	3	2	0
# Indels per cycle. Use `grep ^IC | cut -f 2-` to extract this part. The columns are: cycle, number of insertions (fwd), .. (rev) , number of deletions (fwd), .. (rev)
IC	12	1	0	0	0
IC	18	0	1	0	0
IC	19	0	1	0	0
IC	20	1	2	0	0
IC	21	1	1	0	0
IC	22	1	0	1	0
IC	23	0	1	0	0
IC	26	1	0	0	0
IC	27	1	0	0	0
IC	28	1	1	0	0
IC	29	3	3	0	0
IC	33	0	0	1	0
IC	34	1	0	0	0
IC	36	1	0	0	0
IC	38	0	0	0	1
IC	39	0	0	1	0
IC	40	0	0	0	1
IC	42	1	0	0	0
IC	46	0	0	1	0
IC	47	0	1	0	0
IC	54	0	0	1	1
IC	62	0	0	1	0
IC	64	1	0	0	0
IC	79	0	0	1	0
IC	83	0	1	0	0
IC	86	0	1	0	0
IC	87	0	0	1	1
IC	91	0	1	0	0
# Coverage distribution. Use `grep ^COV | cut -f 2-` to extract this part.
COV	[1-1]	1	91723
COV	[2-2]	2	15911
COV	[3-3]	3	5114
COV	[4-4]	4	2885
COV	[5-5]	5	1496
COV	[6-6]	6	962
COV	[7-7]	7	656
COV	[8-8]	8	452
COV	[9-9]	9	348
COV	[10-10]	10	121
COV	[11-11]	11	171
COV	[12-12]	12	113
COV	[13-13]	13	143
COV	[14-14]	14	110
COV	[15-15]	15	99
COV	[16-16]	16	122
COV	[17-17]	17	152
COV	[18-18]	18	216
COV	[19-19]	19	150
COV	[20-20]	20	73
COV	[21-21]	21	68
COV	[22-22]	22	25
COV	[23-23]	23	20
COV	[24-24]	24	21
COV	[25-25]	25	76
COV	[26-26]	26	45
COV	[27-27]	27	58
COV	[28-28]	28	66
COV	[29-29]	29	29
COV	[30-30]	30	19
COV	[31-31]	31	21
COV	[32-32]	32	48
COV	[33-33]	33	7
COV	[34-34]	34	11
COV	[35-35]	35	24
COV	[36-36]	36	20
COV	[38-38]	38	4
COV	[45-45]	45	1
COV	[46-46]	46	2
COV	[47-47]	47	1
COV	[48-48]	48	1
COV	[49-49]	49	4
COV	[56-56]	56	3
COV	[58-58]	58	1
COV	[64-64]	64	2
COV	[66-66]	66	1
COV	[67-67]	67	9
COV	[69-69]	69	2
COV	[73-73]	73	2
COV	[75-75]	75	2
COV	[76-76]	76	4
COV	[77-77]	77	6
COV	[79-79]	79	4
COV	[80-80]	80	4
COV	[81-81]	81	2
COV	[82-82]	82	4
COV	[83-83]	83	2
COV	[84-84]	84	4
COV	[85-85]	85	7
COV	[86-86]	86	2
COV	[88-88]	88	4
COV	[89-89]	89	7
COV	[90-90]	90	4
COV	[92-92]	92	3
COV	[93-93]	93	1
COV	[94-94]	94	6
COV	[95-95]	95	3
COV	[96-96]	96	2
# GC-depth. Use `grep ^GCD | cut -f 2-` to extract this part. The columns are: GC%, unique sequence percentiles, 10th, 25th, 50th, 75th and 90th depth percentile
GCD	0.0	0.471	0.000	0.000	0.000	0.000	0.000
GCD	1.0	0.706	0.009	0.009	0.009	0.009	0.009
GCD	3.0	0.941	0.005	0.005	0.005	0.005	0.005
GCD	4.0	1.176	0.005	0.005	0.005	0.005	0.005
GCD	6.0	1.412	0.005	0.005	0.005	0.005	0.005
GCD	7.0	2.118	0.005	0.005	0.005	0.005	0.005
GCD	8.0	2.353	0.005	0.005	0.005	0.005	0.005
GCD	11.0	2.588	0.005	0.005	0.005	0.005	0.005
GCD	12.0	3.059	0.005	0.005	0.005	0.005	0.005
GCD	14.0	3.529	0.005	0.005	0.005	0.005	0.005
GCD	15.0	3.765	0.005	0.005	0.005	0.005	0.005
GCD	17.0	4.000	0.005	0.005	0.005	0.005	0.005
GCD	18.0	4.706	0.005	0.005	0.009	0.014	0.014
GCD	21.0	5.176	0.005	0.005	0.007	0.009	0.009
GCD	23.0	5.647	0.005	0.005	0.007	0.009	0.009
GCD	24.0	5.882	0.005	0.005	0.005	0.005	0.005
GCD	25.0	6.118	0.005	0.005	0.005	0.005	0.005
GCD	26.0	6.353	0.005	0.005	0.005	0.005	0.005
GCD	27.0	6.824	0.005	0.005	0.007	0.009	0.009
GCD	29.0	7.529	0.009	0.009	0.009	0.018	0.018
GCD	30.0	8.235	0.009	0.009	0.009	0.009	0.009
GCD	31.0	8.941	0.005	0.005	0.005	0.018	0.018
GCD	32.0	10.118	0.005	0.005	0.005	0.016	0.018
GCD	33.0	11.059	0.005	0.006	0.009	0.009	0.009
GCD	34.0	12.706	0.005	0.005	0.009	0.009	0.009
GCD	35.0	14.118	0.005	0.008	0.023	0.043	0.063
GCD	36.0	15.529	0.005	0.005	0.014	0.029	0.063
GCD	37.0	17.176	0.005	0.005	0.009	0.014	0.018
GCD	38.0	18.824	0.005	0.005	0.009	0.027	0.117
GCD	39.0	21.176	0.005	0.005	0.011	0.025	0.082
GCD	40.0	23.765	0.005	0.005	0.009	0.036	0.058
GCD	41.0	26.588	0.005	0.005	0.009	0.014	0.026
GCD	42.0	28.235	0.005	0.005	0.018	0.032	0.311
GCD	43.0	29.647	0.005	0.005	0.014	0.038	0.072
GCD	44.0	31.529	0.005	0.006	0.014	0.027	0.045
GCD	45.0	34.588	0.005	0.007	0.009	0.034	0.116
GCD	46.0	37.176	0.005	0.005	0.014	0.032	0.040
GCD	47.0	39.765	0.005	0.009	0.014	0.086	0.198
GCD	48.0	42.824	0.005	0.009	0.014	0.025	0.040
GCD	49.0	45.647	0.005	0.006	0.014	0.058	0.176
GCD	50.0	49.176	0.005	0.005	0.005	0.045	0.085
GCD	51.0	53.176	0.005	0.005	0.009	0.045	0.244
GCD	52.0	58.353	0.005	0.005	0.009	0.019	0.027
GCD	53.0	60.471	0.005	0.007	0.018	0.056	0.122
GCD	54.0	64.471	0.005	0.005	0.009	0.027	0.051
GCD	55.0	66.353	0.005	0.005	0.011	0.099	0.117
GCD	56.0	70.588	0.005	0.005	0.014	0.036	0.057
GCD	57.0	74.353	0.005	0.005	0.009	0.017	0.081
GCD	58.0	77.412	0.005	0.005	0.005	0.032	0.063
GCD	59.0	80.235	0.005	0.006	0.018	0.067	0.705
GCD	60.0	83.294	0.005	0.005	0.005	0.011	0.063
GCD	61.0	84.706	0.005	0.005	0.011	0.086	0.194
GCD	62.0	88.471	0.005	0.005	0.007	0.034	0.081
GCD	63.0	90.118	0.005	0.005	0.036	0.203	0.388
GCD	64.0	91.765	0.005	0.005	0.005	0.009	0.023
GCD	65.0	92.471	0.005	0.005	0.014	0.352	0.352
GCD	66.0	94.588	0.005	0.005	0.009	0.009	0.171
GCD	67.0	95.294	0.009	0.009	0.023	0.144	0.144
GCD	68.0	96.000	0.014	0.014	0.014	0.023	0.023
GCD	69.0	96.706	0.005	0.005	0.063	0.068	0.068
GCD	70.0	97.176	0.009	0.009	0.009	0.009	0.009
GCD	71.0	97.412	0.018	0.018	0.018	0.018	0.018
GCD	72.0	98.118	0.009	0.009	0.009	0.081	0.081
GCD	76.0	98.353	0.005	0.005	0.005	0.005	0.005
GCD	77.0	98.824	0.018	0.018	0.018	0.018	0.018
GCD	80.0	99.059	0.009	0.009	0.009	0.009	0.009
GCD	81.0	99.294	0.009	0.009	0.009	0.009	0.009
GCD	84.0	99.529	0.005	0.005	0.005	0.005	0.005
GCD	85.0	100.000	0.005	0.005	0.005	0.005	0.005
